Code,supervisor,title,institution_prepared,year,1.1,1.1.1,1.1.1.1,1.1.1.2,1.1.1.2.1,1.1.1.2.2,1.1.1.2.3,1.1.1.3,1.1.1.4,1.1.1.4.1,1.1.1.4.2,1.1.1.4.3,1.1.1.5,1.1.1.5.1,1.1.1.5.2,1.1.1.6,1.1.1.6.1,1.1.1.6.2,1.1.1.7,1.1.1.8,1.1.2,1.1.2.1,1.1.2.1.1,1.1.2.1.2,1.1.2.1.3,1.1.2.1.4,1.1.2.1.5,1.1.2.1.6,1.1.2.2,1.1.2.2.1,1.1.2.2.1.1,1.1.2.2.1.1.1,1.1.2.2.1.1.2,1.1.2.2.1.1.3,1.1.2.2.1.1.3.1,1.1.2.2.1.1.3.2,1.1.2.2.1.1.3.3,1.1.2.2.1.1.3.4,1.1.2.2.1.2,1.1.2.2.2,1.1.2.2.3,1.1.2.2.4,1.1.2.2.5,1.1.2.2.6,1.1.2.2.7,1.1.2.3,1.1.2.4,1.1.2.5,1.1.2.6,1.1.2.7,1.1.2.8,1.2,1.2.1,1.2.1.1,1.2.1.2,1.2.1.3,1.2.1.4,1.2.1.5,1.2.1.6,1.2.1.7,1.2.2,1.2.2.1,1.2.2.2,1.2.2.3,1.2.2.4,2.1,2.1.1,2.1.1.1,2.1.1.2,2.1.1.3,2.1.1.4,2.1.1.5,2.1.1.6,2.1.1.7,2.1.2,2.1.2.1,2.1.2.2,2.1.2.3,2.1.2.4,2.1.2.5,2.1.2.6,2.2,2.2.1,2.2.1.1,2.2.1.2,2.2.1.3,2.2.1.4,2.2.1.5,2.2.1.6,2.2.1.7,2.2.2,2.2.2.1,2.2.2.2,2.2.2.3,2.2.2.4,2.2.2.5,2.2.2.6,2.2.3,2.2.3.1,2.2.3.2,2.2.3.3,2.2.3.4,3.1,3.1.1,3.1.2,3.1.3,3.1.4,3.1.5,3.1.6,3.2,3.2.1,3.2.2,3.2.2.1,3.2.2.2,3.2.2.3,3.2.2.4,3.2.3,3.2.4,3.2.5,3.3,3.3.1,3.3.2,3.3.3,3.3.4,3.3.5,3.3.5.1,3.3.5.2,3.3.5.3,3.3.5.4,3.3.6,3.3.6.1,3.3.6.2,3.3.6.3,3.3.6.4,3.3.6.5,3.3.6.6
000199_000009_000051333,Григорьев Сергей Георгиевич,"Методические основы построения курса информатики, ориентированного на подготовку учителя физической культуры педагогического колледжа",Институт информатизации образования Министерства общего и профессионального образования РФ,1997,0,0,0,0,0,0,0,10,0,0,0,0,0,0,0,0,0,0,0,0,0,0,0,10,0,0,0,0,0,0,0,0,0,0,0,0,0,0,0,0,0,0,0,0,0,0,0,10,0,10,8,0,0,0,10,0,0,10,0,0,0,0,0,0,0,0,0,0,8,9,0,0,9,10,0,0,7,8,10,0,8,0,0,0,3,7,0,0,0,0,0,0,0,10,0,8,0,0,2,7,6,0,0,9,8,0,0,6,8,0,10,0,0,0,0,0,9,8,0,0,10,0,0,5,0,8,7,0,0,0,10,0,0,0,9,0
000199_000009_000201699,Бидайбеков Есен Ыкласович,Компьютерлік модельдеудің негізінде мектеп физикасын оқытудың әдістемесі,Абай атындағы Қазақ ұлттық педагогикалық университеті,2004,0,0,0,0,0,0,10,6,6,0,0,0,0,0,0,0,0,0,0,0,0,0,7,10,0,0,0,0,0,0,0,0,0,0,0,0,0,0,0,0,0,0,2,0,7,0,9,0,0,9,9,0,0,10,6,6,0,9,0,0,0,0,5,0,0,0,0,9,10,9,10,10,7,9,0,5,7,8,8,6,7,0,0,3,0,9,0,0,6,0,0,3,8,10,0,0,0,0,3,7,0,0,0,10,9,0,9,8,9,0,10,0,0,6,8,8,8,7,0,0,9,6,0,0,0,6,8,0,0,0,10,0,0,0,6,5
000199_000009_000239037,Григорьев Сергей Георгиевич,Развитие методической системы обучения информатике специалистов совмещенных с информатикой профилей в университетах Республики Казахстан,Алматинский государственный университет имени Абая,1998,0,0,0,3,0,0,3,0,10,5,8,0,0,0,0,7,6,7,4,0,0,0,8,10,4,0,0,0,8,6,9,8,0,8,7,0,0,0,0,7,6,6,9,4,3,0,10,0,5,8,9,0,0,3,0,10,7,9,0,0,0,0,0,0,5,0,0,10,8,10,9,9,7,9,0,6,9,9,7,5,7,0,0,6,0,8,0,0,0,0,0,8,0,9,0,7,0,0,7,7,0,7,0,10,9,0,0,9,8,0,9,0,6,0,6,8,10,7,8,0,8,7,0,0,0,9,7,6,7,0,9,0,4,0,8,0
000199_000009_000245983,Иванова Августина Васильевна,Педагогические основы эстетического воспитания учащихся школ Республики Саха (Якутия) на уроках математики,Кафедра педагогики Якутского государственного университета им. М.К. Аммосова,1998,0,0,0,10,0,9,9,0,6,0,0,0,0,0,0,5,0,0,0,0,0,10,10,0,0,0,0,0,4,0,0,0,0,0,0,0,0,0,0,0,0,0,0,0,0,3,0,0,0,8,7,0,0,10,0,0,0,7,0,0,0,0,0,0,0,0,0,7,0,10,8,0,9,0,0,0,0,8,9,9,7,0,0,0,0,8,0,7,0,0,0,5,0,0,0,0,0,0,0,7,0,0,0,8,0,0,9,7,6,0,8,0,8,8,0,0,0,0,0,0,0,10,0,3,0,0,7,0,0,0,0,0,0,0,0,0
000199_000009_000254450,Козлов Олег Александрович,Оптимизация процесса профессионального обучения на примере изучения системы автоматизированного проектирования,Московский технический колледж,2000,0,0,0,3,0,0,0,10,3,0,0,0,0,0,0,0,0,0,0,0,0,0,7,9,0,0,0,0,0,0,0,0,0,0,0,0,0,0,0,0,0,0,0,0,0,0,0,0,10,0,8,0,0,0,10,0,2,0,0,0,0,0,0,0,0,0,0,0,8,10,9,0,0,0,0,0,0,9,9,0,9,0,0,0,10,9,0,0,0,0,0,5,0,10,0,0,0,0,8,0,7,0,0,10,0,0,9,8,8,0,10,0,0,0,0,10,10,0,0,0,0,0,0,0,0,10,8,0,0,0,9,0,0,0,0,0
000199_000009_000305746,Атанасян Сергей Левонович,Методические особенности изучения геометрических приложений комплексных чисел в классах с углубленным изучением математики,Московском государственном открытом педагогическом университете,1996,0,0,0,0,0,0,10,0,7,0,0,0,0,2,0,0,0,0,0,0,0,0,10,5,0,0,0,0,0,0,0,0,0,0,0,0,0,0,0,0,0,0,0,0,0,0,0,0,0,8,0,0,0,10,0,6,0,7,0,0,0,0,0,0,0,0,0,9,0,0,0,10,9,8,0,0,0,8,0,0,0,0,0,3,0,0,0,6,0,0,0,7,0,0,0,0,0,0,0,0,0,0,0,10,7,6,0,7,8,0,10,0,0,0,0,9,0,0,0,0,8,7,0,0,0,0,0,0,0,0,0,0,0,0,9,0
000199_000009_000792812,Гриншкун Вадим Валерьевич,Совершенствование методической системы обучения учителей разработке образовательных электронных ресурсов по информатике,Кафедра методики информатики и информационных технологий Курского государственного университета,2006,0,0,0,0,0,0,9,0,0,9,9,0,0,0,0,0,0,0,0,0,0,0,0,10,0,0,0,0,0,0,0,0,0,5,0,0,0,0,0,0,0,0,0,0,0,0,9,0,7,10,6,0,0,9,0,10,0,9,0,0,0,0,0,0,0,0,0,8,10,10,9,9,7,8,0,0,8,10,7,0,8,0,0,0,10,8,7,0,0,0,0,0,8,10,0,8,6,0,0,7,0,8,0,10,9,0,8,9,0,0,10,0,0,7,0,8,9,0,0,0,6,0,0,0,0,10,8,0,0,0,9,0,0,0,9,0
000199_000009_002646158,Иванова Августина Васильевна,Формирование пространственного воображения посредством моделирования у детей младшего школьного возраста,Якутский государственный университет им. М.К. Аммосова,2003,0,0,0,0,10,0,0,0,0,0,0,0,0,0,0,0,0,0,0,0,0,0,10,0,0,0,0,0,0,0,0,0,0,0,0,0,0,0,0,0,0,0,0,0,0,0,0,0,0,7,0,0,0,10,0,0,0,0,0,0,0,0,0,0,0,0,0,9,0,10,9,0,7,0,0,0,0,8,8,0,0,0,0,5,0,6,0,0,6,0,0,6,0,0,0,0,0,0,5,0,0,0,0,9,7,6,10,7,0,0,9,0,0,0,0,0,0,0,0,0,0,0,4,6,0,0,7,0,0,0,0,0,0,0,0,0
000199_000009_002653347,Иванова Августина Васильевна,Педагогические условия развития творческих способностей студентов – будущих учителей на основе личностно-ориентированного подхода (на примере математического анализа),Якутский государственный университет им. М.К.Аммосова,2003,0,0,0,0,0,0,0,5,10,3,0,0,0,0,0,0,0,0,0,0,0,0,10,7,0,0,0,0,0,0,0,0,0,0,0,0,0,0,0,5,4,0,3,3,0,0,0,0,0,10,6,0,0,4,5,10,3,9,0,0,0,0,9,0,0,0,0,9,8,8,8,8,10,9,0,6,3,7,10,6,8,0,0,2,6,9,0,0,4,0,0,7,0,0,0,0,0,0,2,8,0,0,0,9,8,0,10,6,8,0,9,0,7,6,8,9,9,3,5,0,9,7,7,6,0,8,9,7,6,0,0,3,0,0,8,0
000199_000009_002668313,Иванова Августина Васильевна,Руководство опытно-экспериментальной работой как фактор повышения профессиональной компетентности учителя,кафедра управления образованием педагогического института Якутского государственного университета имени М.К. Аммосова,2004,0,0,0,10,1,1,9,2,2,0,0,0,0,1,0,8,8,7,0,0,0,0,0,0,0,0,0,0,0,0,0,0,0,0,0,0,0,0,0,0,0,0,0,0,0,0,0,0,0,9,7,0,0,6,2,2,0,10,0,0,0,0,0,0,0,0,0,8,10,9,3,0,9,7,0,2,10,8,9,4,5,0,0,2,7,10,0,3,9,0,0,1,0,0,0,0,0,0,9,7,8,7,0,9,9,0,10,6,7,0,9,0,8,7,4,8,10,7,7,0,9,5,0,8,0,8,7,6,0,0,6,0,0,4,7,0
000199_000009_002668636,Иванова Августина Васильевна,РАЗВИТИЕ ВОСПИТЫВАЮЩЕГО ПОТЕНЦИАЛА МАТЕМАТИКИ В ПРОЦЕССЕ ОБУЧЕНИЯ УЧАЩИХСЯ 5-9 КЛАССОВ ЯКУТСКОЙ ШКОЛЫ (на примере этнопедагогического подхода),Якутский государственный университет имени М.К.Аммосова,2004,0,0,0,0,0,10,0,0,0,0,0,0,0,0,0,0,0,0,0,0,0,0,10,0,0,0,0,0,0,0,0,0,0,0,0,0,0,0,0,0,0,0,0,0,0,0,0,0,0,0,8,0,0,10,0,0,0,0,0,0,0,0,0,0,0,0,0,9,0,0,9,0,8,0,0,0,0,7,9,10,0,0,0,0,0,0,7,0,8,0,0,6,0,0,0,0,0,0,0,0,5,0,0,10,7,6,7,0,7,0,9,0,5,5,0,7,8,0,8,0,10,10,6,0,0,6,8,7,0,0,0,0,0,0,0,0
000199_000009_002930065,Иванова Августина Васильевна,Развитие положительной мотивации учебной деятельности у студентов-экономистов вуза (на основе междисциплинарной интеграции курса математики),Кафедра управления образованием педагогического института ГОУ ВПО «Якутский государственный университет имени М.К. Аммосова»,2005,0,0,0,0,0,0,0,0,10,0,0,0,0,0,0,0,0,0,0,0,0,0,10,6,0,0,0,0,0,0,0,0,0,0,0,0,0,0,0,0,0,0,9,0,0,0,0,0,0,0,10,0,0,0,0,10,0,0,0,0,0,0,0,0,0,0,0,0,9,0,8,0,9,0,0,0,0,8,8,0,0,0,0,0,0,8,0,0,0,0,0,8,0,7,0,0,0,0,0,7,0,0,0,8,0,0,0,8,7,0,7,0,0,0,7,0,9,0,0,0,10,0,0,0,0,0,8,0,5,0,0,0,0,0,6,0
000199_000009_002933216,Козлов Олег Александрович,"ПОДГОТОВКА СПЕЦИАЛИСТОВ В ОБЛАСТИ ФОРМАЛЬНО-СТРУКТУРНОГО ОПИСАНИЯ, ИССЛЕДОВАНИЯ И ОРГАНИЗАЦИИ ПЕДАГОГИЧЕСКОГО ТЕСТИРОВАНИЯ ЗНАНИЙ (на примере специальности «Прикладная информатика в образовании»)",Институт информатизации образования Российской академии образования,2005,0,0,0,0,0,0,7,0,10,0,10,0,0,0,0,0,8,8,0,6,0,0,7,10,0,0,0,0,0,0,0,0,0,0,0,0,0,0,0,0,0,0,5,0,8,0,0,0,6,10,9,0,0,7,0,10,9,10,0,0,0,0,0,0,0,0,0,10,10,9,9,9,5,8,0,9,7,6,0,0,0,0,0,6,0,10,0,0,0,0,0,4,0,10,0,8,0,0,0,0,0,5,0,10,10,0,0,7,6,0,7,0,0,7,0,7,7,0,0,0,0,0,0,0,0,0,6,0,0,0,9,0,0,0,7,0
000199_000009_002944015,Козлов Олег Александрович,Повышение уровня информационной подготовки студентов-юристов на основе использования технологий хранения и поиска информации,Волжская государственная инженерно-педагогическая академия,2005,0,0,0,0,0,0,0,0,10,0,0,0,0,0,0,0,0,0,0,0,0,0,0,10,0,0,0,0,0,0,0,0,0,0,0,0,0,0,0,0,0,0,0,10,0,0,0,0,0,0,0,0,0,0,0,10,0,0,0,0,0,0,0,0,0,0,0,0,9,9,8,0,9,0,0,0,0,8,8,0,7,0,0,6,0,7,0,0,0,0,0,0,0,10,0,0,0,0,0,0,0,0,0,9,0,7,6,0,0,0,9,0,0,0,0,7,10,0,0,0,8,0,0,0,0,9,6,0,0,0,10,0,0,0,0,0
000199_000009_002974530,Козлов Олег Александрович,Методическая система подготовки инженеров железнодорожного транспорта средствами информационно-коммуникационных технологий (на примере курса «Информационное обеспечение управления эксплуатационной работой железных дорог»),Волжская государственная инженерно-педагогическая академия,2005,0,0,0,0,0,0,0,0,10,0,0,0,0,0,0,0,0,0,0,0,0,0,2,2,0,0,0,5,0,0,0,0,0,0,0,0,0,0,0,0,0,0,0,0,5,0,0,0,10,8,7,0,0,0,0,10,0,0,0,0,0,0,0,0,0,0,0,9,6,9,10,8,8,0,0,5,8,9,7,0,7,0,0,0,7,8,3,0,0,0,0,0,0,10,0,6,0,0,6,0,0,0,0,9,7,8,7,6,6,0,9,0,0,0,0,8,10,0,0,0,8,6,5,5,0,9,7,0,0,0,9,0,0,0,8,0
000199_000009_003007794,Гриншкун Вадим Валерьевич,Совершенствование системы обучения курсу «Компьютерные коммуникации и сети» на основе применения мультиагентных технологий,Курский государственный университет,2005,0,0,0,0,0,0,0,0,10,0,0,0,0,0,0,0,0,0,0,0,0,0,0,10,0,0,0,0,0,0,0,0,0,0,0,0,0,0,0,0,2,0,0,0,0,0,0,0,8,9,7,0,0,0,0,10,0,9,0,0,0,0,7,0,0,0,0,9,8,10,9,9,6,7,0,5,7,8,9,4,8,0,0,2,8,7,6,0,0,0,0,3,7,10,0,7,4,0,3,7,8,7,0,10,7,0,8,8,8,0,10,0,6,7,8,8,9,6,3,0,9,0,7,0,0,7,7,6,0,0,8,0,0,0,7,0
000199_000009_003026430,Козлов Олег Александрович,Методические подходы к интеграции базового и дополнительного информационно-педагогического образования специалистов в техническом колледже,Волжский государственный инженерно-педагогический университет,2005,0,0,0,5,0,0,0,10,0,0,0,0,0,0,0,9,8,0,0,0,0,0,0,10,0,0,0,0,0,0,0,0,0,0,0,0,0,0,0,0,0,0,0,0,0,0,0,0,9,10,9,0,0,0,10,0,0,10,0,0,0,0,0,0,0,0,0,8,0,9,9,0,7,9,0,0,10,7,8,0,7,0,0,0,6,7,6,0,0,0,0,0,6,7,0,7,0,0,5,0,0,0,0,9,8,0,8,7,8,0,9,0,8,7,0,9,10,6,8,0,6,5,0,5,0,9,6,0,0,0,9,0,0,0,5,0
000199_000009_003039351,Козлов Олег Александрович,Формирование готовности военных инженеров к профессиональной деятельности,Волжский государственный инженерно-педагогический университет,2005,0,0,0,0,0,0,0,0,10,0,10,0,2,0,0,0,0,0,0,0,0,0,0,0,0,0,0,0,0,0,0,0,0,0,0,0,0,0,0,0,0,0,0,0,0,0,0,0,10,10,8,0,0,0,0,0,0,0,10,0,0,0,0,0,0,0,0,8,10,7,8,10,9,10,0,0,7,8,8,0,8,0,0,3,0,7,1,0,0,7,0,6,0,8,0,0,0,0,4,0,7,0,0,8,6,0,0,0,5,0,9,9,8,0,0,8,10,8,0,0,10,0,8,0,0,10,0,0,0,0,0,0,0,0,6,0
000199_000009_003056414,Гриншкун Вадим Валерьевич,Обучение сетевым моделям в курсе «Информационные технологии управления» при подготовке студентов по специальности «Менеджмент организации»,кафедре программного обеспечения и администрирования информационных систем Курского государственного университета,2007,0,0,0,0,0,0,0,0,10,0,10,0,0,0,0,0,0,0,0,0,0,0,7,10,0,0,0,0,0,0,0,0,0,0,0,0,0,0,0,0,4,0,9,0,0,0,10,0,0,9,8,0,0,0,0,10,3,2,0,0,0,0,0,0,0,0,0,8,7,9,9,9,7,8,0,5,9,8,7,1,8,0,0,4,10,9,1,1,0,0,0,6,3,10,0,6,0,0,6,5,1,1,0,10,8,2,2,9,7,0,10,0,0,0,3,9,10,3,3,0,7,1,1,1,0,9,7,6,0,0,8,0,0,0,8,0
000199_000009_003059937,Макаров Сергей Иванович,Формирование профессиональных математических компетенций курсантов военных авиационных училищ с использованием электронных образовательных ресурсов,Государственное образовательное учреждение высшего профессионального образования «Самарский государственный экономический университет»,2007,0,0,0,0,0,0,0,0,10,0,8,0,0,0,0,0,0,0,0,0,0,0,10,9,0,0,0,0,0,0,0,0,0,0,0,0,0,0,0,0,0,0,0,0,0,0,9,0,0,8,7,0,0,0,0,10,0,0,10,0,0,0,0,0,0,0,0,8,9,0,10,9,8,0,0,0,10,9,9,0,7,0,0,0,0,6,0,0,0,0,0,0,0,10,0,7,0,0,0,7,7,6,0,9,7,8,6,7,7,0,9,0,8,8,7,8,10,7,0,0,8,6,0,7,0,8,7,0,0,0,8,0,0,0,8,5
000199_000009_003062496,Козлов Олег Александрович,Педагогические условия социального партнерства образовательного учреждения и производства при обучении студентов в вузе,ГОУ ВПО «Волжский государственный инженерно-педагогический университет»,2007,0,0,0,0,0,0,0,8,10,0,0,0,0,0,0,0,0,0,0,9,0,5,0,0,0,0,0,0,6,0,0,0,0,0,0,0,0,0,0,0,0,0,0,0,0,0,5,0,10,6,9,0,0,0,8,10,0,8,0,0,0,0,0,0,0,0,0,9,10,9,8,9,10,9,0,5,8,10,9,6,7,0,0,0,8,7,0,5,0,0,0,7,6,8,0,0,0,0,0,6,8,7,0,9,8,0,6,8,7,0,9,0,7,9,7,8,9,0,9,0,9,7,0,0,0,7,8,7,0,0,0,0,0,0,8,0
000199_000009_003070258,Иванова Августина Васильевна,Педагогическое обеспечение экономического образования учащихся начальных классов (на материале Республики Саха (Якутия)),ГОУ ВПО «Якутский государственный университет имени МК Аммосова»,2007,0,0,3,0,10,0,0,2,0,0,0,0,0,0,0,0,0,0,3,0,0,0,0,0,0,0,0,0,0,0,0,0,0,0,0,0,0,0,0,0,7,8,10,0,0,0,0,0,0,8,7,0,0,10,2,0,0,8,0,0,0,0,0,0,7,0,0,9,0,9,10,8,10,10,0,6,7,9,9,8,8,0,0,0,0,5,10,4,6,0,0,5,0,0,0,0,0,0,0,6,0,0,0,10,7,7,6,6,6,0,10,0,8,8,6,9,7,0,7,0,10,9,0,0,0,9,7,5,5,0,0,0,0,0,10,0
000199_000009_003071027,Заславская Ольга Юрьевна,Методическая система обучения профессионально-ориентированному курсу информатики студентов юридической специальности в вузе,кафедре информатики и прикладной математики Московского городского педагогического университета,2007,0,0,0,0,0,0,0,0,0,0,10,0,0,0,0,0,0,0,0,0,0,0,0,10,0,0,0,0,0,0,0,0,0,0,0,0,0,0,0,0,0,0,0,10,0,0,0,0,0,0,7,0,0,0,0,10,0,0,0,0,0,0,0,0,0,0,0,9,9,10,8,0,8,7,0,0,0,9,0,0,0,0,0,0,6,0,0,0,0,0,0,0,0,9,0,5,0,0,0,6,0,0,0,8,8,0,0,7,7,0,9,0,0,0,0,8,10,0,0,0,6,0,0,0,0,7,0,0,0,0,9,0,0,0,0,0
000199_000009_003071030,Григорьев Сергей Георгиевич,Методы и средства творческого обучения информационным технологиям при повышении квалификации учителей гуманитарных дисциплин в Республике Беларусь,Кафедра информатики и прикладной математики Московского городского педагогического университета,2007,0,0,0,0,0,0,8,0,0,0,0,0,0,0,0,0,10,0,0,0,0,0,0,10,0,0,0,0,0,0,0,8,0,0,0,0,0,7,8,8,0,0,0,0,0,0,0,0,0,9,8,0,0,7,0,0,0,10,0,0,0,0,0,0,0,0,0,0,9,0,9,0,7,0,0,0,0,7,8,0,0,0,0,0,9,7,0,0,0,0,0,0,0,10,0,8,0,0,0,6,0,0,0,9,9,0,10,7,8,0,9,0,0,8,0,9,10,0,0,0,8,0,0,0,0,10,7,0,0,0,9,0,0,0,0,0
000199_000009_003158699,Макаров Сергей Иванович,Проектирование и технология реализации электронного учебно-методического комплекса при переподготовке военнослужащих,Государственное образовательное учреждение высшего профессионального образования «Самарский государственный экономический университет»,2007,0,0,0,0,0,0,0,0,0,0,0,0,0,0,0,0,0,10,0,0,0,0,0,9,0,0,0,0,0,0,0,0,0,0,0,0,0,0,0,0,0,0,9,0,0,0,0,0,0,8,0,0,0,0,0,0,0,0,10,0,0,0,0,0,0,0,0,0,8,0,10,0,8,0,0,0,9,8,9,0,7,0,0,5,0,0,0,0,0,0,0,0,7,9,0,10,0,0,0,0,7,0,0,8,0,0,0,0,0,0,8,0,0,0,0,0,10,0,0,0,8,0,0,0,0,0,0,0,0,0,0,0,0,0,0,0
000199_000009_003165478,Рудинский Игорь Давидович,МЕТОДИЧЕСКИЕ ПОДХОДЫ К ИСПОЛЬЗОВАНИЮ ГЕОГРАФИЧЕСКОГО ИНФОРМАЦИОННОГО ОБРАЗОВАТЕЛЬНОГО РЕСУРСА И К РАЗРАБОТКЕ АВТОРСКИХ ПРИЛОЖЕНИЙ УЧЕБНОГО НАЗНАЧЕНИЯ,ГНИУ «Институте информатизации образования» Российской академии образования,2008,0,0,0,9,0,0,0,0,10,0,0,0,0,0,0,10,10,3,0,2,0,0,0,0,0,0,9,2,0,0,0,0,0,0,0,0,0,0,0,0,0,9,0,0,0,0,0,0,0,10,8,0,0,8,0,10,0,10,0,0,0,0,0,0,0,0,0,9,8,0,8,10,7,10,0,0,8,7,6,0,5,0,0,0,8,7,6,0,0,0,0,7,8,10,0,3,0,0,2,6,0,0,0,10,9,0,0,7,8,0,10,0,0,6,7,6,10,7,0,0,8,0,0,2,0,9,6,0,0,0,10,0,0,0,9,0
000199_000009_003167414,Гриншкун Вадим Валерьевич,РАЗВИТИЕ УПРАВЛЕНЧЕСКОЙ КОМПЕТЕНТНОСТИ УЧИТЕЛЯ В СИСТЕМЕ МНОГОУРОВНЕВОЙ ПОДГОТОВКИ В ОБЛАСТИ МЕТОДИКИ ОБУЧЕНИЯ ИНФОРМАТИКЕ,Кафедра информатики и прикладной математики Государственного образовательного учреждения высшего профессионального образования города Москвы «Московский городской педагогический университет»,2008,0,0,0,9,5,5,5,4,9,0,0,0,0,0,0,0,9,9,0,0,0,0,3,10,0,0,0,0,0,0,0,0,0,0,0,0,0,0,0,0,3,0,2,2,0,0,0,0,0,5,3,0,0,10,3,10,0,10,0,0,0,1,3,0,0,0,0,8,7,10,9,0,7,6,0,5,10,7,8,6,7,0,0,5,8,8,0,3,6,0,0,6,0,8,0,5,0,0,0,0,6,7,0,9,8,0,8,7,7,0,9,0,7,7,8,8,10,7,6,0,8,6,0,9,0,8,7,6,3,0,7,0,0,0,7,0
000199_000009_003174331,Козлов Олег Александрович,Моделирование профессиональной подготовки курсантов в военном вузе,ГОУ ВПО «Волжский государственный инженерно-педагогический университет»,2007,0,0,0,0,0,0,0,0,0,0,10,0,0,0,0,0,0,0,0,0,0,0,0,0,0,0,0,0,0,0,0,0,0,0,0,0,0,0,0,0,0,0,0,0,0,0,0,0,9,10,0,0,0,0,0,10,0,0,9,0,0,0,0,0,0,0,0,0,10,8,9,0,6,0,0,0,8,9,7,0,8,0,0,0,7,0,0,0,0,0,0,0,0,9,0,8,0,0,7,0,0,0,0,0,7,0,0,0,0,0,0,0,0,0,0,0,10,9,0,0,0,0,0,0,0,10,0,0,0,0,0,0,0,0,9,0
000199_000009_003175130,Гейн Александр Георгиевич,Формирование когнитивной компетентности у учащихся на основе альтернативного выбора учебных действий (на примере обучения математике),ГОУ ВПО «Нижнетагильская государственная социально-педагогическая академия»,2007,0,0,0,0,0,9,9,0,0,0,0,0,0,0,0,0,0,0,0,0,0,0,10,0,0,0,0,0,0,0,0,0,0,0,0,0,0,0,0,0,0,0,0,0,0,0,0,0,0,0,0,0,0,10,0,0,0,0,0,0,0,0,0,0,0,0,0,0,10,0,0,0,7,0,0,0,10,8,8,0,0,0,0,6,0,7,0,5,0,0,0,7,0,8,0,0,0,0,7,7,0,0,0,10,7,0,8,8,0,0,10,0,0,0,0,9,6,10,0,0,9,10,0,7,0,9,8,0,0,0,0,0,0,0,0,0
000199_000009_003207018,Григорьев Сергей Георгиевич,Методика формирования системы понятий базового курса информатики у курсантов высших военных учебных заведений в процессе информационной подготовки в условиях использования иноязычной терминологии,Серпуховский военный институт ракетных войск,2000,0,0,0,0,0,0,0,0,0,0,9,0,0,0,0,0,0,0,0,0,0,0,0,10,0,0,0,0,0,0,0,0,0,9,9,0,0,0,0,0,0,0,0,0,0,0,0,0,0,10,0,0,0,0,0,10,0,0,9,0,0,0,0,0,0,0,0,0,0,0,9,0,8,0,0,0,8,7,0,0,0,0,0,5,0,0,0,0,0,0,0,9,0,9,0,8,0,0,3,6,0,0,0,10,7,0,0,8,0,0,9,0,0,0,0,0,10,0,0,0,0,0,0,0,0,9,0,0,0,0,7,0,0,0,0,0
000199_000009_003207018,Козлов Олег Александрович,Методика формирования системы понятий базового курса информатики у курсантов высших военных учебных заведений в процессе информационной подготовки в условиях использования иноязычной терминологии,Серпуховский военный институт ракетных войск,2000,0,0,0,0,0,0,0,0,0,0,9,0,0,0,0,0,0,0,0,0,0,0,0,10,0,0,0,0,0,0,0,0,0,9,9,0,0,0,0,0,0,0,0,0,0,0,0,0,0,10,0,0,0,0,0,10,0,0,9,0,0,0,0,0,0,0,0,0,0,0,9,0,8,0,0,0,8,7,0,0,0,0,0,5,0,0,0,0,0,0,0,9,0,9,0,8,0,0,3,6,0,0,0,10,7,0,0,8,0,0,9,0,0,0,0,0,10,0,0,0,0,0,0,0,0,9,0,0,0,0,7,0,0,0,0,0
000199_000009_003235333,Григорьев Сергей Георгиевич,Методические основы создания и применения образовательных электронных изданий (на примере курса математики),Институт общего среднего образования Российской академии образования,2003,0,0,0,3,0,0,0,0,10,0,0,0,0,0,0,0,0,0,0,4,0,0,10,1,0,0,0,0,0,0,0,0,0,0,0,0,0,0,0,0,4,0,10,0,0,0,9,0,0,8,5,0,0,3,0,10,0,7,0,0,0,0,0,0,0,0,0,10,9,10,10,8,6,7,0,6,5,9,8,6,7,0,0,6,7,9,0,0,0,0,0,9,7,10,0,7,0,0,5,6,0,0,0,10,9,4,7,9,8,0,9,0,0,0,5,8,9,0,6,0,6,6,0,0,0,7,5,0,0,0,10,0,0,0,8,0
000199_000009_003249147,Григорьев Сергей Георгиевич,Совершенствование содержания обучения программированию на основе интеграции парадигм программирования,Московский городской педагогический университет,2004,0,0,0,0,0,0,0,0,10,0,0,0,0,0,0,0,0,0,0,0,0,0,0,10,0,0,0,0,0,0,0,0,0,0,0,0,0,0,0,0,0,0,0,0,0,0,0,0,8,9,0,0,0,0,0,10,0,8,0,0,0,0,0,0,0,0,0,9,0,10,8,0,8,9,0,0,9,8,0,0,0,0,0,5,7,7,0,0,0,0,0,8,0,9,0,6,0,0,7,6,0,0,0,9,8,8,0,8,7,0,10,0,0,0,0,9,10,0,0,0,6,0,0,0,0,10,0,0,0,0,7,0,0,0,7,0
000199_000009_003250024,Григорьев Сергей Георгиевич,Обучение школьников в курсе информатики использованию информационных и телекоммуникационных технологий при подготовке к вступительным экзаменам,Московский городской педагогический университет,2004,0,0,0,0,0,0,9,0,9,0,0,0,0,0,0,0,0,0,0,0,0,0,5,10,3,3,0,0,0,0,3,0,0,0,0,0,0,0,3,3,0,0,0,0,0,0,0,0,0,6,0,0,0,10,0,9,0,6,0,0,0,0,0,0,0,0,0,8,9,9,10,10,0,8,0,6,0,7,6,0,6,0,0,0,0,0,0,8,0,0,0,0,7,10,0,9,0,0,0,6,0,7,0,10,6,0,0,6,0,0,10,0,8,8,6,7,0,0,0,0,5,0,0,0,0,9,6,0,0,0,9,0,0,0,0,0
000199_000009_003250236,Григорьев Сергей Георгиевич,Развитие информационно-образовательной среды высшего учебного заведения на основе информационных и телекоммуникационных технологий,Самарская государственная экономическая академия,2005,0,0,0,0,0,0,0,0,10,0,0,0,0,0,0,8,8,0,8,6,0,0,6,10,0,0,0,0,0,0,0,0,0,0,0,0,0,0,0,0,5,0,10,5,0,0,9,0,6,8,7,0,0,0,0,10,8,9,0,0,0,0,0,0,0,0,0,10,10,9,9,7,7,6,0,6,7,9,9,0,7,0,0,5,9,8,8,6,0,0,0,7,8,10,7,9,7,0,5,6,7,8,0,10,7,6,8,9,8,0,9,0,8,7,6,8,9,0,0,0,8,0,0,7,0,9,7,0,0,0,8,0,0,0,7,0
000199_000009_003255472,Козлов Олег Александрович,Интенсивный и экстенсивный методические подходы к обучению студентов юридических вузов на базе информационных технологий,"Институт информатизации образования Российской академии образования, лаборатория проблем информатизации профессионального образования",2005,0,0,0,0,0,0,0,3,10,1,9,1,0,0,0,9,8,8,2,5,0,6,5,10,0,0,0,0,7,0,0,0,0,0,0,0,0,0,0,0,5,0,5,10,3,0,9,0,0,10,9,0,0,0,3,10,6,6,0,0,0,0,0,0,0,0,0,9,7,8,10,9,9,8,0,5,8,9,7,3,8,0,0,3,7,7,6,0,0,0,0,8,2,10,0,6,3,0,3,6,0,0,0,10,7,0,6,8,9,0,10,5,0,0,6,8,10,9,0,0,7,0,0,0,5,10,6,7,0,7,10,4,0,0,8,0
000199_000009_003265000,Козлов Олег Александрович,ОРГАНИЗАЦИЯ ОБУЧЕНИЯ СТУДЕНТОВ-ТЕХНОЛОГОВ СРЕДСТВАМИ ИНФОРМАЦИОННЫХ ТЕХНОЛОГИЙ,Волжский государственный инженерно-педагогический университет,2006,0,0,0,0,0,0,0,0,0,0,10,0,0,0,0,0,0,0,0,0,0,0,0,10,10,0,0,0,0,0,0,0,0,0,0,0,0,0,0,0,0,0,0,0,0,0,10,0,9,0,8,0,0,0,0,10,0,0,0,0,0,0,0,0,0,0,0,9,0,0,9,0,8,9,0,0,7,8,9,0,0,0,0,0,0,9,0,6,0,0,0,0,0,10,0,8,0,0,5,7,0,0,0,10,7,0,6,7,0,0,10,0,0,0,0,0,10,0,0,0,7,0,0,0,0,10,0,0,0,0,10,0,0,0,0,0
000199_000009_003266359,Григорьев Сергей Георгиевич,Пропедевтический курс информатики и информационных технологий для подготовки студентов к работе в современной научной библиотеке (на примере аграрных вузов),Российский государственный аграрный университет - Московская сельскохозяйственная академия имени К.А. Тимирязева,2006,0,0,0,0,0,0,0,0,0,0,0,0,0,0,0,0,0,0,0,0,0,0,0,10,0,6,0,0,0,0,0,0,0,0,0,0,0,0,0,6,0,0,0,0,7,0,0,0,0,9,8,0,0,0,0,10,0,3,0,0,0,0,0,0,0,0,0,0,7,0,8,9,6,10,0,0,9,8,6,7,8,0,0,5,0,8,0,0,0,0,0,5,0,10,0,8,0,0,6,5,0,0,0,9,7,0,0,0,10,0,10,0,0,0,5,6,0,10,0,0,6,7,0,0,0,0,0,0,0,0,9,0,0,0,0,0
000199_000009_003267082,Козлов Олег Александрович,Совершенствование информационной подготовки преподавателей системы начального профессионального образования,ГОУ ВПО «Волжский государственный инженерно-педагогический университет»,2006,0,0,0,0,0,0,0,10,7,0,0,0,0,10,0,0,10,0,6,9,0,0,0,10,0,0,0,0,0,0,0,0,0,0,0,0,0,0,0,0,0,0,0,5,0,0,10,0,7,9,9,0,0,0,9,6,10,10,0,0,0,0,0,0,0,0,0,8,8,9,9,9,7,9,0,5,10,9,9,0,7,0,0,4,8,7,7,0,0,0,0,0,6,8,0,7,6,0,5,0,0,0,0,10,7,0,8,9,8,0,10,6,7,6,5,8,10,7,7,0,6,0,0,0,0,9,7,0,0,0,9,5,0,0,0,0
000199_000009_003267083,Козлов Олег Александрович,Методическая система обучения информатике студентов гуманитарных вузов,Волжский государственный инженерно-педагогический университет,2006,0,0,0,0,0,0,0,0,10,0,0,0,0,0,0,0,0,0,0,0,0,0,0,10,0,0,0,0,0,0,0,0,0,0,0,0,0,0,0,0,0,0,0,0,9,0,0,0,0,0,0,0,0,0,0,10,0,0,0,0,0,0,0,0,10,0,0,0,0,10,9,0,8,0,0,0,0,7,9,0,9,0,0,0,0,7,0,0,0,0,0,7,8,10,0,9,0,0,0,0,6,0,0,10,0,0,0,0,0,0,10,0,0,0,7,9,0,0,0,0,9,0,0,0,0,0,0,0,0,0,10,0,0,0,0,0
000199_000009_003269164,Козлов Олег Александрович,Информационно-образовательная среда вуза как условие успешного обучения информатике студентов (на примере подготовки менеджеров),ГОУ ВПО «Волжский государственный инженерно-педагогический университет»,2006,0,0,0,0,0,0,0,0,10,9,0,0,0,0,0,0,6,6,0,0,0,0,0,10,0,0,0,0,0,0,0,0,0,0,0,0,0,0,0,0,0,0,9,0,0,0,0,0,0,9,8,0,0,0,0,10,5,6,0,0,0,0,0,0,0,0,0,0,9,9,8,10,7,7,0,0,8,9,9,0,0,0,0,0,0,6,5,0,0,0,0,0,0,10,0,8,0,0,0,8,7,0,0,9,7,0,9,8,7,0,9,0,7,0,8,8,10,9,6,0,10,6,7,7,0,9,8,7,0,0,8,0,0,0,0,0
000199_000009_003269314,Макаров Сергей Иванович,Формирование профессиональных математических компетенций у студентов экономических вузов,"Самарский государственный экономический университет, кафедра высшей математики и экономико-математических методов",2006,0,0,0,0,0,0,0,0,10,0,0,0,0,0,0,0,0,0,0,0,0,0,10,0,0,0,0,0,0,0,0,0,0,0,0,0,0,0,0,0,0,0,10,0,0,0,0,0,0,0,8,0,0,0,0,10,0,2,0,0,0,0,0,0,0,0,0,0,9,0,10,7,7,0,0,0,10,9,9,0,8,0,0,2,0,6,0,0,0,0,0,5,7,10,0,6,0,0,0,7,0,0,0,9,8,0,0,8,0,0,9,0,0,0,7,0,10,8,0,0,9,0,0,0,0,9,0,0,0,0,0,0,0,0,7,0
000199_000009_003288611,Гейн Александр Георгиевич,Технология конструирования тестов учебной деятельности как средства оценивания результатов обучения,Государственное образовательное учреждение высшего профессионального образования «Уральский государственный университет имени А.М. Горького» на кафедре педагогики,2006,0,0,0,9,0,0,7,0,9,5,5,5,0,6,0,0,6,0,0,0,0,8,10,0,0,0,0,5,0,0,0,0,0,0,0,0,0,0,0,0,0,0,0,0,0,0,0,0,0,9,0,0,0,10,0,9,5,8,0,0,0,0,3,0,0,0,0,9,8,7,10,9,7,0,0,6,10,10,8,6,7,0,0,0,0,0,3,0,0,0,0,6,0,4,0,0,0,0,0,7,7,7,0,9,0,7,5,6,0,0,9,0,5,5,8,9,7,9,0,0,7,7,7,9,0,7,0,0,0,0,6,0,0,0,0,0
000199_000009_003288800,Козлов Олег Александрович,Научно-методическое обеспечение и организация многоуровневой подготовки кадров информатизации региональной системы общего образования (на примере Дальневосточного федерального округа),Институт информатизации образования Российской академии образования,2006,0,0,0,10,0,0,0,7,9,0,0,0,0,5,0,0,9,9,7,6,0,0,6,10,4,0,0,0,0,0,0,0,0,0,0,0,0,0,0,0,0,0,0,0,2,0,0,0,0,8,9,0,0,7,6,8,0,10,0,0,0,6,6,5,0,0,0,9,8,10,7,8,10,9,0,0,0,8,6,0,9,0,0,0,9,5,0,0,0,0,0,3,6,10,0,8,0,0,0,7,7,7,0,8,9,0,6,9,7,0,8,0,6,0,0,0,10,6,5,0,7,6,0,0,0,9,0,0,0,0,10,0,0,0,8,0
000199_000009_003290879,Макаров Сергей Иванович,Формирование математической культуры экономистов расширением дидактических возможностей электронных учебников,Самарский государственный экономический университет,2006,0,0,0,0,0,0,0,0,10,5,5,5,0,0,0,0,0,0,0,10,0,0,10,8,0,0,0,0,0,0,0,0,0,0,0,0,0,0,0,0,4,0,10,0,0,0,8,0,0,7,6,0,0,0,0,10,3,4,0,0,0,0,3,0,0,0,0,9,10,8,8,7,8,7,0,5,8,9,10,0,7,0,0,3,0,4,0,0,0,0,0,5,6,10,0,6,0,0,4,7,6,7,0,10,8,0,7,8,8,0,10,0,0,0,6,8,9,7,6,0,10,0,0,0,0,10,7,8,0,0,8,0,0,0,10,0
000199_000009_003291254,Козлов Олег Александрович,"Совершенствование учебно-воспитательного процесса школы в условиях функционирования образовательной среды, реализованной на базе информационных и коммуникационных технологий","Институт информатизации образования Российской академии образования, лаборатория проблем информатизации профессионального образования",2006,0,0,0,0,8,6,8,0,0,0,0,0,0,0,0,0,7,0,6,0,0,0,3,10,0,0,0,0,0,0,0,0,0,2,0,0,0,0,0,2,4,0,2,2,0,2,0,0,0,9,8,0,0,10,0,0,0,9,0,0,0,0,0,0,0,0,0,9,0,8,7,8,8,7,0,0,0,9,8,4,6,0,0,0,8,8,6,3,4,0,0,0,7,9,0,7,0,0,3,7,5,6,0,9,7,5,8,9,7,0,8,0,7,7,9,6,8,8,7,0,9,5,7,6,0,7,8,5,4,0,10,4,4,0,7,0
000199_000009_003445766,Козлов Олег Александрович,ФОРМИРОВАНИЕ ПРОФЕССИОНАЛЬНОЙ ГОТОВНОСТИ СТУДЕНТОВ ТЕХНИЧЕСКОГО ВУЗА К РАБОТЕ С ИНОЯЗЫЧНЫМИ ИНФОРМАЦИОННЫМИ СИСТЕМАМИ,ГОУ ВПО «Волжский государственный инженерно-педагогический университет»,2008,0,0,0,0,0,0,0,0,10,0,10,0,0,0,0,0,3,3,0,9,0,0,0,2,0,0,0,0,0,0,0,0,0,10,0,0,0,8,0,0,0,0,0,0,0,0,9,0,10,9,9,0,0,0,0,10,4,6,0,0,0,0,0,0,0,0,0,9,10,8,10,6,5,10,0,4,9,9,9,8,7,0,0,0,8,8,0,0,7,0,0,8,0,10,0,7,0,0,3,6,0,6,0,10,8,0,9,9,6,0,10,0,7,0,7,9,9,0,3,0,10,9,9,6,0,10,7,6,0,0,9,0,0,0,8,0
000199_000009_003448749,Жужжалов Валерий Евгеньевич,РАЗВИТИЕ МЕТОДИЧЕСКОЙ СИСТЕМЫ ОБУЧЕНИЯ ИНФОРМАТИКЕ СТУДЕНТОВ ИНЖЕНЕРНЫХ СПЕЦИАЛЬНОСТЕЙ НА ОСНОВЕ ОБЪЕКТНО-ОРИЕНТИРОВАННОГО ПОДХОДА К ПРОГРАММИРОВАНИЮ,Московском государственном университете технологий и управления,2008,0,0,0,3,0,0,0,0,10,0,10,0,0,0,0,0,0,0,0,0,0,7,6,10,0,0,0,0,0,0,0,0,0,0,0,0,0,0,0,0,0,0,0,0,0,0,8,0,10,5,9,0,0,3,0,10,0,2,0,0,0,0,0,0,0,0,0,9,7,10,8,9,9,8,0,6,7,8,0,0,7,0,0,0,10,9,0,0,0,0,0,7,0,9,0,6,0,0,0,0,0,0,0,10,9,0,0,9,8,0,10,0,0,0,0,0,9,0,0,0,0,0,0,0,0,7,0,0,0,0,10,0,0,0,6,0
000199_000009_003453125,Козлов Олег Александрович,РАЗРАБОТКА И ИСПОЛЬЗОВАНИЕ ПРОГРАММНО-МЕТОДИЧЕСКОГО КОМПЛЕКСА ПОДДЕРЖКИ ПРИНЯТИЯ УПРАВЛЕНЧЕСКИХ РЕШЕНИЙ (на примере обучения менеджеров гостиничного бизнеса),ГНИУ «Институт информатизации образования» Российской академии образования,2008,0,0,0,0,0,0,0,0,10,0,0,0,0,0,0,0,0,0,0,0,0,0,0,0,0,0,0,0,0,0,0,0,0,0,0,0,0,0,0,0,0,0,0,0,0,0,0,8,0,9,9,0,0,0,0,10,0,0,0,0,0,0,0,0,0,0,0,8,0,0,10,8,8,0,0,0,0,7,7,0,0,0,0,0,0,6,6,0,0,0,0,5,5,10,0,0,0,0,0,0,0,0,0,9,0,0,6,0,0,0,10,0,7,6,5,0,8,0,0,0,0,0,0,0,0,0,0,0,0,0,0,0,0,0,0,0
000199_000009_003453130,Григорьев Сергей Георгиевич,ОБРАЗОВАТЕЛЬНЫЕ ЭЛЕКТРОННЫЕ ИЗДАНИЯ И РЕСУРСЫ В ЛАБОРАТОРНОМ ПРАКТИКУМЕ,Институт содержания и методов обучения Российской академии образования,2008,0,0,0,0,0,0,0,0,0,0,10,0,0,0,0,0,0,0,0,0,0,0,5,7,6,0,0,0,0,0,0,0,0,0,0,0,0,0,0,0,0,0,0,0,0,0,9,0,10,0,7,0,0,0,0,10,0,2,0,0,0,0,0,0,0,0,0,0,0,0,10,0,9,0,0,0,8,9,7,0,0,0,0,0,6,10,0,0,0,0,0,8,7,10,0,0,0,0,0,0,6,0,0,9,7,0,0,7,0,0,10,0,0,0,0,0,9,0,0,0,7,0,6,0,0,0,7,0,0,0,0,0,0,0,0,0
000199_000009_003460719,Козлов Олег Александрович,Формирование коммуникативной культуры будущих радиожурналистов,ГОУ ВПО «Шуйский государственный педагогический университет»,2009,0,0,0,0,0,0,0,0,10,5,5,5,0,0,0,0,0,0,0,9,0,0,0,0,0,0,0,0,0,0,0,6,0,0,0,0,0,0,3,0,8,0,2,2,0,3,9,0,0,10,7,0,0,0,0,10,0,7,0,0,0,0,0,0,0,0,0,9,8,8,9,9,10,9,0,6,0,9,9,9,0,0,0,0,0,8,5,7,6,0,0,7,7,9,6,7,0,0,0,7,0,0,0,9,8,6,8,7,8,0,9,0,10,8,7,8,9,0,8,0,8,10,0,8,0,8,8,7,6,0,10,0,0,0,10,0
000199_000009_003460727,Гриншкун Вадим Валерьевич,Развитие системы методической подготовки учителей информатики в условиях фундаментализации образования,Государственное образовательное учреждение высшего профессионального образования города Москвы «Московский городской педагогический университет»,2009,0,0,0,0,6,7,9,7,0,8,0,8,0,5,0,0,9,0,0,0,0,0,5,10,0,0,0,0,0,0,0,0,0,0,0,0,0,0,0,0,0,0,0,0,0,0,0,0,0,8,6,0,0,10,7,10,0,10,0,0,0,0,0,0,0,0,0,9,9,10,7,6,0,8,0,5,8,8,9,0,6,0,0,0,7,8,5,0,0,0,0,7,7,9,0,8,0,0,5,6,5,5,0,10,10,7,7,8,7,0,10,0,0,0,0,7,9,5,5,0,6,7,0,7,0,10,8,0,0,0,9,0,0,0,7,0
000199_000009_003462032,Гриншкун Вадим Валерьевич,Обучение информатике студентов социологических факультетов вузов с использованием метода проектирования социологического исследования,Кафедра методики преподавания информатики и информационных технологий ГОУ ВПО «Курский государственный университет»,2009,0,0,0,2,0,0,0,0,0,0,9,0,0,0,0,0,0,0,0,0,0,0,6,10,0,0,0,0,0,0,0,0,0,0,0,0,0,2,0,0,10,0,2,0,3,0,0,0,0,8,9,0,0,2,0,10,0,2,0,0,0,0,0,0,0,0,0,8,7,9,10,10,7,8,0,5,8,9,6,0,9,0,0,3,10,10,0,0,0,0,0,6,7,9,0,9,0,0,4,7,0,7,0,9,9,0,0,9,8,0,10,0,7,0,8,9,10,7,0,0,8,0,0,0,0,9,8,7,0,0,10,0,0,0,7,7
000199_000009_003462063,Иванова Августина Васильевна,Организационно-педагогическое обеспечение политехнического образования учащихся в условиях городской общеобразовательной школы,кафедра педагогики ФАО ГОУ ВПО «Якутский государственный университет имени М.К. Аммосова»,2009,0,0,0,10,8,8,10,8,8,0,0,0,0,0,0,9,10,0,9,0,0,9,9,9,9,9,0,8,9,0,0,9,0,0,0,0,0,0,8,8,8,0,7,7,8,7,10,7,8,7,10,0,0,10,0,7,0,10,0,0,0,0,0,0,0,0,0,8,10,10,9,0,9,8,0,0,0,9,9,7,0,0,0,0,9,9,7,0,8,0,0,0,0,10,0,8,0,0,0,0,0,0,0,9,7,0,8,8,8,0,9,8,0,0,7,7,9,9,9,0,9,8,0,0,0,10,8,0,0,0,8,0,8,0,10,0
000199_000009_003466060,Гриншкун Вадим Валерьевич,ИСПОЛЬЗОВАНИЕ НЕЙРОСЕТЕВЫХ ТЕХНОЛОГИЙ В АДАПТИВНОМ ТЕСТИРОВАНИИ ПО ИНФОРМАТИКЕ В ВУЗЕ,ГОУ ВПО «Курский государственный университет»,2009,0,0,0,0,0,0,3,0,10,0,0,0,0,0,0,0,0,0,0,6,0,0,0,10,0,0,0,0,0,0,0,0,0,0,0,0,0,0,0,0,0,0,0,0,0,0,0,0,0,0,7,0,0,3,0,10,0,6,0,0,0,0,5,0,0,0,0,8,9,9,10,9,0,6,0,7,8,0,9,0,8,0,0,5,0,0,0,0,0,0,0,0,0,10,0,0,0,0,0,7,7,8,0,10,0,4,0,0,0,0,10,0,0,0,0,0,8,0,0,0,7,0,0,0,0,0,0,0,0,0,0,0,0,0,0,0
000199_000009_003467400,Левченко Ирина Витальевна,"Разработка элективных курсов по информатике, направленных на формирование профессионального самоопределения учащихся старших классов филологического профиля",Государственное образовательное учреждение высшего профессионального образования города Москвы «Московский городской педагогический университет»,2009,0,0,0,0,0,0,10,0,0,0,0,0,0,0,0,0,0,0,0,0,0,0,0,10,0,0,0,0,0,10,0,0,0,0,0,0,0,0,0,0,0,0,0,0,0,0,0,0,0,0,9,0,0,10,0,0,0,0,0,0,0,0,0,0,0,0,0,0,9,0,9,0,7,10,0,0,7,8,10,0,7,0,0,3,9,7,0,0,0,0,0,0,0,9,0,0,0,0,0,6,0,0,0,8,6,0,6,8,9,0,9,0,0,0,0,6,8,7,7,0,9,7,0,8,0,9,10,10,0,0,8,0,0,0,7,0
000199_000009_003470292,Козлов Олег Александрович,Формирование профессионально-правовой компетентности будущих офицеров в военном вузе,ГОУ ВПО «Волжский государственный инженерно-педагогический университет»,2009,0,0,0,0,0,0,0,0,10,0,8,0,0,0,0,0,0,0,0,0,0,0,0,0,0,0,0,0,9,0,0,0,0,0,0,0,0,0,0,0,0,0,0,10,0,0,0,0,7,9,9,0,0,0,0,10,0,0,10,0,0,0,0,0,0,0,0,0,10,0,10,0,9,8,0,0,10,8,9,0,8,0,0,0,0,7,0,4,0,0,0,6,0,7,0,0,0,0,0,7,0,0,0,10,6,0,3,7,7,0,10,0,5,0,0,9,10,8,5,0,10,9,0,0,0,8,9,0,0,0,0,9,0,0,0,0
000199_000009_003473692,Кудинов Виталий Алексеевич,Система оценки качества знаний студентов на основе нейронных сетей,Государственное образовательное учреждение высшего профессионального образования «Курский государственный университет»,2009,0,0,0,0,0,0,0,0,10,0,9,0,0,0,0,0,0,0,0,0,0,0,8,10,0,0,0,0,0,0,0,0,0,0,0,0,0,0,0,0,0,0,0,0,0,0,0,0,7,7,8,0,0,0,0,10,0,6,0,0,0,0,0,0,0,0,0,7,9,10,9,0,8,0,0,0,6,8,7,0,0,0,0,7,0,0,0,0,0,0,0,6,0,9,0,9,0,0,6,7,0,0,0,10,6,0,0,0,0,0,8,0,0,0,0,0,8,0,0,0,0,0,0,0,0,6,0,0,0,0,0,0,0,0,0,0
000199_000009_003480684,Гриншкун Вадим Валерьевич,Использование образовательных электронных ресурсов при обучении информатике будущих социальных педагогов в педагогическом колледже,Государственное образовательное учреждение высшего профессионального образования города Москвы «Московский городской педагогический университет»,2009,0,0,0,0,0,0,4,10,0,0,0,0,0,0,0,0,0,0,0,3,0,0,4,10,0,0,0,0,0,0,0,0,0,0,0,0,0,0,0,0,7,0,0,5,8,0,0,0,0,10,7,0,0,3,10,0,0,9,0,0,0,0,0,4,0,0,0,7,0,9,8,9,6,8,0,5,8,9,7,6,8,0,0,3,10,8,0,0,5,0,0,4,8,10,0,3,0,0,0,6,0,0,0,10,7,0,7,8,7,0,10,0,0,0,5,6,10,0,7,0,6,6,0,0,0,10,6,6,0,0,10,6,0,0,7,0
000199_000009_003480685,Левченко Ирина Витальевна,Развитие познавательной мотивации старшеклассников при обучении информатике на основе решения задач межпредметного характера,«Московский городской педагогический университет»,2009,0,0,0,0,0,0,10,0,0,0,0,0,0,0,0,0,0,0,0,0,0,0,5,10,0,0,0,5,0,0,0,5,0,0,0,0,0,5,5,5,8,0,0,0,0,0,0,5,0,7,10,0,0,10,0,0,0,0,0,0,0,0,0,0,0,0,0,0,9,0,0,9,10,0,0,0,0,0,7,0,7,0,0,0,0,6,0,0,0,0,0,0,0,7,0,0,0,0,0,0,0,0,0,0,0,0,6,0,6,0,0,0,0,0,0,0,0,0,0,0,10,0,0,0,0,7,0,6,0,0,0,0,0,0,0,0
000199_000009_003485424,Григорьев Сергей Георгиевич,Формирование информационной образовательной среды педагогического вуза,Учреждение Российской академии образования «Институт содержания и методов обучения»,2009,0,0,2,8,1,1,1,2,10,6,6,6,0,5,0,0,6,0,4,3,0,0,7,10,0,0,0,0,0,0,0,0,0,0,0,0,0,0,0,0,0,0,3,3,2,0,4,0,3,10,7,0,0,7,4,10,6,10,0,0,0,0,5,0,0,0,0,10,10,8,8,6,7,6,0,4,8,9,9,6,8,0,0,4,9,9,0,0,0,0,0,7,6,10,0,8,0,0,3,5,6,6,0,9,8,8,9,9,8,0,9,0,7,8,0,7,10,5,7,0,9,7,0,0,0,9,7,7,0,0,10,0,0,0,7,0
000199_000009_003490265,Абросимов Александр Григорьевич,Формирование графической культуры будущего учителя в процессе обучения информатике,Самарский филиал Государственного образовательного учреждения высшего профессионального образования города Москвы «Московский городской педагогический университет»,2010,0,0,0,0,0,0,5,0,0,0,9,0,0,0,0,0,0,0,0,0,0,0,7,10,0,0,0,0,0,0,0,0,0,0,0,0,0,0,0,0,0,0,0,0,3,8,5,0,5,7,9,0,0,6,0,10,0,6,0,0,0,0,0,0,0,0,0,7,9,9,6,10,7,8,0,4,0,8,8,7,6,0,0,5,7,7,4,0,8,0,0,6,7,8,0,5,0,0,5,5,0,4,0,10,6,0,9,9,6,0,10,0,4,3,0,7,8,0,0,0,8,8,6,6,0,10,5,0,0,0,9,0,0,0,9,0
000199_000009_003491467,Иванова Августина Васильевна,Педагогические условия развития познавательной самостоятельности студентов аграрного вуза,ФАО ГОУ ВПО «Якутский государственный университет имени М. К. Аммосова»,2010,0,0,0,0,0,0,0,0,10,0,0,0,0,0,0,0,0,0,0,0,0,0,10,0,0,0,0,0,0,0,0,0,0,0,0,0,0,0,0,0,0,0,0,0,0,0,8,0,7,9,0,0,0,0,0,10,4,4,0,0,0,0,0,0,0,0,0,8,10,7,9,8,10,8,0,5,7,9,9,6,8,0,0,0,8,9,6,6,0,0,0,6,0,0,0,0,0,0,0,7,0,0,0,10,7,0,8,8,9,0,10,0,6,8,10,10,8,0,6,0,10,7,8,10,0,10,7,7,0,0,0,0,0,0,8,0
000199_000009_004603886,Григорьев Сергей Георгиевич,Построение информационной образовательной среды вуза на основе технологий управления знаниями,Учреждение Российской академии образования «Институт содержания и методов обучения»,2010,0,0,0,0,0,0,0,0,10,0,0,0,0,0,0,0,0,0,0,0,0,0,9,10,0,0,0,0,0,0,0,7,0,0,0,0,0,0,0,0,0,0,0,0,0,0,0,0,0,9,9,0,0,0,0,10,0,9,0,0,0,0,0,0,0,0,0,10,10,10,10,10,9,9,0,7,8,9,10,0,0,0,0,7,8,9,0,0,0,0,0,8,8,10,0,9,0,0,7,9,8,8,0,10,8,8,9,9,0,0,9,0,8,9,8,8,10,0,10,0,9,0,8,0,0,9,9,0,0,0,10,0,0,0,0,0
000199_000009_004609268,Гейн Александр Георгиевич,Научно-методические подходы к автоматизации оценки качества обучающих тестов (на примере обучения учителей математики),"ГОУ ВПО «Нижнетагильская государственная социально-педагогическая академия», на кафедре педагогики",2010,0,0,0,3,0,0,0,0,10,7,7,3,0,1,0,9,9,4,0,0,0,0,10,10,0,0,0,3,0,0,0,0,0,0,0,0,0,0,0,0,0,0,0,0,0,0,7,0,5,10,8,0,0,3,0,10,10,10,0,0,0,0,0,0,0,0,0,9,9,9,9,10,7,10,0,6,9,9,8,0,6,0,0,5,8,7,0,0,0,0,0,3,2,10,0,6,0,0,5,7,7,7,0,10,9,7,7,8,8,0,10,0,0,0,4,8,10,7,0,0,6,0,0,7,0,9,6,7,0,0,9,0,0,0,9,0
000199_000009_004841669,Заславская Ольга Юрьевна,Деятельностный подход в обучении школьников информатике с использованием мобильных компьютерных систем,Государственное образовательное учреждение высшего профессионального образования города Москвы «Московский городской педагогический университет»,2011,0,0,0,10,0,0,8,0,9,0,0,0,0,0,0,0,0,0,0,0,0,0,4,10,0,0,0,0,0,0,0,0,0,0,0,0,0,0,0,0,0,0,0,0,0,0,9,0,0,9,5,0,0,10,0,8,0,9,0,0,0,0,5,0,0,0,0,7,0,9,8,10,7,8,0,0,8,10,9,6,7,0,0,0,8,8,6,6,0,0,0,5,7,9,7,7,0,0,0,6,0,5,0,9,7,0,8,7,7,0,9,0,7,7,7,8,9,8,6,0,9,6,0,0,0,10,8,7,0,0,9,0,0,0,7,0
000199_000009_004843312,Козлов Олег Александрович,Комплексное использование информационных и коммуникационных технологий в процессе корпоративного обучения (на примере электровозостроительного предприятия),"Учреждение Российской академии образования «Институт информатизации образования», лаборатория подготовки кадров информатизации образования",2010,0,0,0,0,0,0,0,6,7,0,0,0,0,0,0,0,10,8,0,5,0,0,0,10,0,0,0,0,0,0,0,0,0,0,0,0,0,0,0,0,0,0,0,0,0,0,0,0,9,8,9,0,0,0,0,0,10,8,0,0,0,0,0,0,0,0,0,0,9,0,0,9,8,9,0,0,9,9,9,0,0,0,0,0,7,0,0,0,0,0,0,0,6,10,9,9,0,0,0,0,7,0,0,10,8,0,0,0,0,0,10,0,0,0,0,0,10,0,0,0,8,0,0,0,0,8,7,0,0,0,0,0,0,0,7,0
000199_000009_004847926,Григорьев Сергей Георгиевич,Система менеджмента качества подготовки специалистов в условиях информатизации образования вуза,Центр информационных технологий в образовании Учреждения Российской академии образования «Институт содержания и методов обучения»,2011,0,0,0,0,0,0,0,0,10,1,9,1,0,0,0,0,6,6,0,7,0,0,0,9,0,0,0,0,0,0,0,0,0,0,0,0,0,0,0,0,0,0,0,0,7,0,7,0,0,9,10,0,0,2,0,10,9,10,0,0,0,0,1,0,2,0,0,9,9,9,9,8,8,9,0,5,9,10,10,8,3,0,0,2,8,8,0,5,6,0,0,8,7,9,1,9,0,0,3,7,6,7,0,9,8,6,7,9,9,0,10,8,9,9,8,7,10,8,7,0,9,8,6,8,0,9,9,2,6,0,9,3,0,0,8,0
000199_000009_004851049,Рудинский Игорь Давидович,ПРОЕКТИРОВАНИЕ ОРГАНИЗАЦИОННО-МЕТОДИЧЕСКОГО ОБЕСПЕЧЕНИЯ ПЕДАГОГИЧЕСКОГО ТЕСТИРОВАНИЯ ЗНАНИЙ СТУДЕНТОВ В ВУЗЕ,ФГОУ ВПО «Калининградский государственный технический университет»,2011,0,0,0,0,0,0,0,0,10,0,0,0,0,0,0,0,0,0,0,0,0,0,7,8,0,0,0,0,0,0,0,0,0,0,0,0,0,0,0,0,0,0,0,0,0,0,0,0,0,10,0,0,0,0,0,10,0,6,0,0,0,0,0,0,0,0,0,0,9,10,0,0,8,0,0,8,0,7,7,0,0,0,0,0,0,0,0,0,0,0,0,0,0,9,0,9,0,0,0,0,0,6,0,10,0,0,0,0,0,0,0,0,0,0,0,0,6,0,0,0,0,0,0,0,0,0,0,0,0,0,0,0,0,0,0,0
000199_000009_004858953,Григорьев Сергей Георгиевич,"Методическая система обучения курсу «Информатика и ИКТ» социально-экономического профиля, способствующая формированию готовности старшеклассников к самостоятельной учебной деятельности",ФГБОУ ВПО «Курский государственный университет»,2011,0,0,0,0,0,0,10,0,0,3,0,0,0,0,0,0,0,0,0,0,0,0,0,10,0,0,0,0,0,0,0,0,0,0,0,0,0,0,0,0,0,0,9,0,0,0,0,0,0,6,0,0,0,10,0,3,0,0,0,0,0,0,0,0,0,0,0,0,0,10,9,0,8,7,0,2,9,9,9,0,8,0,0,0,8,8,5,5,0,0,0,0,0,8,0,9,0,0,0,0,0,6,0,0,0,9,7,6,7,0,8,0,0,0,0,0,9,9,7,0,9,0,8,0,0,10,7,9,0,0,0,0,0,0,8,0
000199_000009_004858956,Гриншкун Вадим Валерьевич,Система профессионально-ориентированной подготовки по информатике в образовательных учреждениях Министерства внутренних дел Российской Федерации,ФГБОУ ВПО «Курский государственный университет»,2011,0,0,0,0,0,0,0,0,10,5,5,0,0,0,0,2,0,0,0,10,0,0,5,10,0,0,0,0,0,0,0,0,0,0,0,0,0,0,0,0,0,0,0,0,0,0,0,0,0,9,8,0,0,0,0,10,0,3,10,0,0,0,0,0,0,0,0,0,0,10,8,0,9,10,0,0,9,9,10,6,9,0,0,0,8,7,8,8,0,0,0,6,5,10,0,7,0,0,0,6,0,0,0,9,7,6,0,9,8,0,10,0,7,7,0,10,10,6,5,0,9,6,0,6,0,10,9,0,0,0,10,0,0,0,7,0
000199_000009_005002541,Рудинский Игорь Давидович,Проектирование системы оценивания профессиональных компетенций преподавателей и руководителей образовательных учреждений,Кафедра теории и методики профессионального образования Института профессиональной педагогики ФГБОУ ВПО «Балтийская государственная академия рыбопромыслового флота»,2011,0,0,0,0,0,7,0,0,9,0,0,0,0,0,0,0,7,0,0,0,0,0,0,0,0,0,0,0,0,0,0,0,0,0,0,0,0,0,0,0,0,0,0,0,0,0,0,0,0,10,9,0,0,2,0,2,0,10,0,0,0,0,0,0,0,0,0,9,10,10,9,0,7,0,0,0,10,9,6,0,7,0,0,0,0,7,0,0,0,0,0,0,0,10,0,8,0,0,7,0,0,6,0,8,8,0,6,9,7,0,0,0,7,0,0,8,10,7,0,0,6,6,5,0,0,9,0,0,0,0,8,0,0,0,8,0
000199_000009_005003256,Кудинов Виталий Алексеевич,Обучение будущих педагогов информатике в условиях формирования информационной образовательной среды,ФГБОУ ВПО «Курский государственный университет»,2011,0,0,0,0,0,0,0,0,10,7,7,0,0,0,0,0,0,0,0,0,0,0,0,10,0,0,0,0,0,0,0,0,0,0,0,0,0,0,0,0,0,0,0,0,0,0,0,0,0,9,6,0,0,0,0,0,0,10,0,0,0,0,0,0,0,0,0,8,0,9,7,9,9,9,0,0,7,7,5,0,7,0,0,5,8,8,0,0,0,0,0,0,6,9,0,9,0,0,5,0,0,3,0,9,7,0,6,8,0,0,9,0,0,0,0,0,10,0,0,0,0,0,0,6,0,10,0,0,0,0,0,0,0,0,7,0
000199_000009_005050832,Попов Николай Иванович,Формирование познавательного интереса младших школьников при обучении информатике с использованием электронных образовательных ресурсов,Федеральное государственное бюджетное образовательное учреждение высшего профессионального образования «Марийский государственный университет»,2013,0,0,0,0,10,0,0,0,0,0,0,0,0,0,0,0,0,0,0,0,0,0,0,10,0,0,0,0,0,0,0,0,0,0,0,0,0,0,0,0,0,0,0,0,0,0,0,0,0,9,7,0,0,10,0,0,0,0,0,0,0,0,0,0,0,0,0,0,9,10,7,0,9,0,0,3,8,8,9,0,0,0,0,3,0,7,8,0,6,0,0,0,0,10,0,2,0,0,0,6,7,0,0,8,6,0,7,8,5,0,8,0,6,7,0,7,4,8,5,0,10,6,5,6,0,7,7,0,0,0,9,0,0,0,3,0
000199_000009_005052356,Григорьев Сергей Георгиевич,Использование средств информатизации образования как фактор интеграции методов обучения иностранным языкам,Московский городской педагогический университет,2013,0,0,0,0,0,0,0,0,10,8,5,1,6,0,0,0,0,0,0,0,0,0,3,10,0,0,0,0,0,7,10,0,0,10,8,0,0,5,4,4,3,0,4,0,2,0,10,0,0,7,6,0,0,0,0,10,3,10,0,0,0,0,0,0,0,0,0,7,10,10,8,9,6,9,0,6,7,6,5,0,5,0,0,5,4,7,0,4,0,0,0,6,8,10,0,7,0,0,3,5,0,0,0,9,8,0,0,6,7,0,9,0,9,6,5,7,8,4,6,0,9,0,0,0,0,9,5,0,0,0,8,0,0,0,7,0
000199_000009_005058930,Бидайбеков Есен Ыкласович,Интеграция обучения информатике и общетехническим дисциплинам в системе технического и профессионального образования в Республике Казахстан,Казахский национальный педагогический университет имени Абая,2013,0,0,0,0,0,0,0,10,0,0,0,0,0,0,0,0,0,8,0,0,0,0,0,10,0,0,0,0,0,0,0,0,0,0,0,0,0,0,0,0,0,0,0,0,0,0,0,0,9,0,10,0,0,0,10,0,0,8,0,0,0,0,0,0,0,0,0,0,8,0,8,0,7,0,0,0,8,7,9,0,0,0,0,0,8,8,5,0,0,0,0,7,8,9,0,10,0,0,0,0,0,0,0,10,7,0,6,7,8,0,10,0,7,0,0,8,9,0,6,0,7,0,0,0,0,9,6,0,0,0,10,0,0,0,7,0
000199_000009_005061407,Заславская Ольга Юрьевна,"Методика обучения программированию, основанная на создании школьниками динамических компьютерных игр",Государственное бюджетное образовательное учреждение высшего профессионального образования города Москвы «Московский городской педагогический университет»,2013,0,0,0,0,0,7,7,0,3,0,0,0,0,2,0,0,0,0,6,4,0,0,6,10,0,0,0,0,0,0,0,0,0,0,0,0,0,0,0,0,4,0,0,0,0,5,7,0,8,9,9,0,0,10,0,3,0,2,0,0,0,0,5,0,0,0,0,8,10,10,9,10,8,7,0,6,9,10,10,5,8,0,0,5,10,7,10,2,8,0,0,9,5,9,0,4,9,0,4,7,6,0,0,10,8,0,10,9,7,0,10,0,6,0,6,9,8,9,0,0,10,5,0,0,0,9,7,4,0,0,10,0,0,0,0,0
000199_000009_005530987,Гриншкун Вадим Валерьевич,Методика обучения студентов вузов технологиям защиты информации в условиях фундаментализации образования,Государственное бюджетное образовательное учреждение высшего профессионального образования города Москвы «Московский городской педагогический университет»,2013,0,0,0,0,0,0,0,0,10,0,0,0,0,0,0,0,0,0,0,0,0,0,0,10,0,0,0,0,0,0,0,0,0,0,0,0,0,0,0,0,0,0,0,0,0,0,0,0,0,9,8,0,0,0,0,10,0,0,0,0,0,0,0,0,0,0,0,9,0,8,9,0,0,7,0,0,8,10,9,7,8,0,0,0,6,7,0,0,0,0,0,7,0,9,0,0,0,0,0,6,0,0,0,10,9,0,9,9,9,0,10,0,0,0,0,9,10,0,8,0,6,9,0,0,0,7,8,0,0,0,10,0,0,0,8,0
000199_000009_005532581,Лазарева Ирина Анатольевна,Методические подходы к использованию информационных и коммуникационных технологий в профессиональной деятельности кадров пенсионного фонда,"Федеральное государственное научное учреждение «Институт информатизации образования» Российской академии образования, в лаборатории педагогических технологий на базе средств информатизации и коммуникации",2013,0,0,0,0,0,0,0,0,0,5,5,5,0,0,0,0,10,10,0,9,0,0,0,10,0,0,0,0,0,0,0,0,0,0,0,0,0,0,0,0,7,0,0,8,0,0,9,0,0,10,8,0,0,0,0,5,10,0,0,0,0,0,0,0,0,0,0,9,8,8,0,9,9,9,0,6,8,10,7,7,8,0,0,0,0,7,0,0,0,0,0,7,9,10,0,10,0,0,0,8,7,9,0,10,8,0,9,7,10,0,10,0,9,7,6,7,10,0,8,0,0,8,0,0,0,7,0,7,0,0,10,8,0,0,10,8
000199_000009_005537695,Кудинов Виталий Алексеевич,Интернет-порталы как средство обучения педагогов созданию электронных ресурсов в рамках повышения квалификации по информатике,ФГБОУ ВПО «Курский государственный университет»,2013,0,0,0,0,0,0,9,0,0,0,0,0,0,0,0,0,10,0,0,0,0,0,0,10,0,0,0,0,0,0,0,0,0,0,0,0,0,0,0,0,0,0,0,0,0,0,0,0,0,8,0,0,0,7,0,0,0,10,0,0,0,0,0,0,0,0,0,8,0,9,10,0,8,9,0,0,8,8,7,0,0,0,0,0,9,9,0,0,0,0,0,0,7,10,0,10,0,0,0,6,0,0,0,9,0,7,7,7,0,0,9,0,0,0,6,0,9,9,0,0,8,0,0,0,0,9,0,0,0,0,9,0,0,0,0,0
000199_000009_005546685,Атанасян Сергей Левонович,Упрощенно-когнитивные приемы решения задач стереометрии как средство развития самостоятельной деятельности учащихся,Государственного бюджетного образовательного учреждения высшего профессионального образования города Москвы «Московский городской педагогический университет»,2013,0,0,0,10,0,0,10,0,0,0,0,0,0,0,0,0,0,0,0,0,0,0,10,0,0,0,0,0,0,0,0,0,0,0,0,0,0,0,0,0,0,0,0,0,0,0,0,0,0,9,8,0,0,10,0,0,0,0,0,0,0,0,3,0,0,0,0,8,0,0,10,9,6,0,0,0,9,9,8,0,0,0,0,2,0,8,0,0,0,0,0,7,0,4,0,0,0,0,0,7,7,0,0,10,8,8,7,7,0,0,9,8,7,7,6,9,0,9,0,0,10,0,8,8,0,10,9,0,0,0,0,0,0,0,0,0
000199_000009_005547606,Поличка Анатолий Егорович,Активизация познавательной деятельности студентов образовательной организации высшего образования как фактор их личностно-профессионального становления,федеральном государственном бюджетном образовательном учреждении высшего профессионального образования «Дальневосточный государственный гуманитарный университет»,2014,0,0,0,0,0,0,0,0,10,9,7,7,0,0,0,0,0,0,0,0,0,7,9,0,0,0,0,0,4,0,0,0,0,0,0,0,0,0,0,0,0,0,0,0,0,0,0,0,4,4,9,0,0,0,0,10,0,0,0,0,0,0,0,0,0,0,0,9,10,9,9,0,10,0,0,0,9,9,9,0,0,0,9,0,0,0,0,0,0,0,0,8,0,9,0,10,0,0,0,0,0,0,0,9,0,0,7,0,0,0,0,0,9,7,8,8,10,0,9,0,10,0,9,0,0,10,8,0,0,0,9,0,0,0,0,0
000199_000009_005547882,Гриншкун Вадим Валерьевич,"Методика дифференцированного обучения информатике в системе среднего профессионального образования, основанная на использовании телекоммуникационной базы учебных материалов",Государственное бюджетное образовательное учреждение высшего профессионального образования города Москвы «Московский городской педагогический университет»,2014,0,0,0,0,0,4,0,10,3,0,0,0,0,0,0,0,0,0,0,6,0,0,1,10,0,0,0,0,0,0,0,0,0,0,0,0,0,0,0,0,0,0,0,0,0,0,7,0,9,6,5,0,0,3,10,3,0,7,0,0,0,0,7,0,0,0,0,8,9,9,8,10,7,8,0,5,9,9,9,4,8,0,0,5,8,8,0,0,6,0,0,8,5,10,0,9,0,0,4,6,7,0,0,10,7,0,8,8,8,0,10,8,7,6,0,9,10,7,7,0,9,6,0,0,0,9,7,7,0,0,8,0,0,0,8,0
000199_000009_005560776,Кудинов Виталий Алексеевич,Виртуальный исторический архив как средство информатизации исторического образования при подготовке бакалавров в вузе,Федеральное государственное бюджетное образовательное учреждение высшего профессионального образования «Курский государственный университет»,2015,0,0,0,0,0,0,3,0,10,10,0,5,0,3,0,0,3,3,0,0,0,0,4,10,0,0,0,0,10,0,0,0,0,0,0,0,0,0,2,10,3,0,0,0,7,0,0,0,0,7,8,0,0,2,0,10,3,7,0,0,0,0,0,0,0,0,0,8,9,7,8,9,7,6,0,0,10,8,7,0,6,0,0,0,0,9,0,8,0,0,0,7,8,10,9,7,0,0,0,7,6,6,0,9,8,7,0,8,8,0,9,8,7,0,6,7,10,9,6,0,8,0,0,0,0,5,6,5,0,0,9,0,0,0,6,0
000199_000009_005561556,Абросимов Александр Григорьевич,Развитие профессиональной компетентности будущих экономистов в процессе обучения дисциплине «Информационные технологии в экономике»,Федеральное государственное бюджетное образовательное учреждение высшего образования «Самарский государственный экономический университет»,2015,0,0,0,0,0,0,0,0,10,10,2,1,0,0,0,0,0,0,0,5,0,0,7,10,0,0,0,0,0,0,0,0,0,0,0,0,0,0,0,0,3,0,10,0,0,0,6,0,3,5,8,0,0,0,0,10,0,3,0,0,0,0,4,0,0,0,0,8,9,9,8,9,7,7,0,5,10,7,7,7,9,0,0,3,4,9,1,5,0,0,0,3,8,10,0,9,0,0,3,7,2,6,0,9,6,8,9,7,6,0,9,0,5,7,6,9,10,5,6,0,9,8,2,6,0,5,7,3,0,0,8,0,0,0,7,0
000199_000009_005569298,Рудинский Игорь Давидович,Формирование компетентности преподавателя вуза в области автоматизированного тестирования знаний,Федеральное государственное бюджетное образовательное учреждение высшего профессионального образования «Калининградский государственный технический университет»,2015,0,0,0,0,0,0,0,0,10,0,0,0,0,0,0,0,8,0,0,0,0,0,0,5,0,0,0,0,0,0,0,0,0,5,0,0,0,0,0,0,0,0,0,0,0,0,0,0,8,10,8,0,0,0,0,8,8,10,0,0,0,0,0,0,0,0,0,9,10,0,10,10,6,8,0,5,10,9,9,0,0,0,0,0,0,0,0,0,0,0,0,6,0,10,0,8,0,0,0,0,0,0,0,9,8,6,0,8,7,0,10,0,6,6,6,6,10,0,0,0,9,0,0,0,0,10,0,5,0,0,8,0,0,0,7,0
000199_000009_006645449,Кудинов Виталий Алексеевич,Педагогические условия формирования исследовательской компетенции у студентов-химиков,ФГБОУ ВПО «Курский государственный университет»,2015,0,0,0,0,0,0,0,5,0,10,0,5,0,0,0,0,5,0,0,0,0,0,0,0,10,0,0,3,0,0,0,0,0,0,0,0,0,0,0,0,0,0,0,0,0,0,4,0,0,10,7,0,0,0,5,10,5,4,0,0,0,0,0,0,0,0,0,9,10,6,10,8,10,6,0,5,10,9,9,7,8,0,0,0,8,10,0,4,0,0,0,7,6,8,0,0,0,0,5,9,7,0,0,10,9,7,9,8,9,0,10,0,8,9,8,9,10,9,7,0,10,7,6,9,0,10,9,7,0,0,9,0,0,0,10,0
000199_000009_006646825,Гриншкун Вадим Валерьевич,Использование дистанционных технологий и моделей программно-аппаратных комплексов для повышения квалификации пограничников в области информатики,Государственного автономного образовательного учреждения высшего образования города Москвы «Московский городской педагогический университет»,2016,0,0,0,0,0,0,0,0,5,0,0,0,0,0,0,0,10,0,0,6,0,0,0,10,0,0,0,0,0,0,0,0,0,0,0,0,0,0,0,0,0,0,0,0,0,0,0,0,7,7,9,0,0,0,0,0,10,0,10,0,0,0,0,0,0,0,0,9,10,10,9,9,8,8,0,0,9,8,0,0,9,0,0,0,7,7,0,5,0,0,0,7,7,10,9,10,0,0,0,0,0,0,0,9,7,0,0,7,8,0,10,0,0,0,6,8,10,0,0,0,0,0,6,0,0,10,0,0,0,0,9,0,0,0,9,8
000199_000009_006647766,Григорьев Сергей Георгиевич,Технологии предметного обучения будущих математиков в университете,Государственное автономное образовательное учреждение высшего образования города Москвы «Московский городской педагогический университет»,2016,0,0,0,0,0,0,6,0,10,8,7,8,0,5,0,0,6,5,3,7,0,9,10,7,4,0,0,4,3,0,0,0,0,0,0,0,0,0,0,0,3,0,6,3,3,0,9,0,6,8,8,0,0,6,0,10,3,7,0,0,0,0,2,0,0,0,0,10,10,8,10,9,7,8,0,6,10,9,9,0,8,0,0,2,8,9,0,0,0,0,0,8,5,10,0,9,0,0,2,4,7,6,0,10,9,0,9,8,7,0,10,0,0,0,8,9,10,7,7,0,7,0,7,8,0,9,7,5,0,0,7,0,0,0,7,0
000199_000009_006650475,Кудинов Виталий Алексеевич,Развитие рефлексивной культуры слушателей в процессе дополнительного профессионального образования,ФГБОУ ВО «Курский государственный университет»,2016,0,0,10,0,0,0,0,0,1,0,0,0,0,0,0,10,7,10,1,3,0,0,0,0,0,0,0,0,0,0,0,0,0,0,0,0,0,0,0,0,0,0,0,0,5,0,0,0,0,10,8,0,0,5,0,1,9,10,0,0,0,0,0,0,0,0,0,8,10,7,10,8,10,8,0,1,9,9,9,10,8,0,0,1,9,8,0,7,8,0,0,7,7,6,0,3,0,0,0,9,0,0,0,9,7,8,9,9,8,0,9,0,9,9,9,9,10,9,6,0,10,10,9,10,0,7,9,7,0,0,0,0,0,0,10,0
000199_000009_006655076,Гриншкун Вадим Валерьевич,Информатизация обучения русскому языку иностранных студентов-медиков как основа для их подготовки к клинической практике в лечебных учреждениях,Федеральное государственное бюджетное образовательное учреждение высшего образования «Курский государственный университет»,2017,0,0,0,0,0,0,0,0,10,0,8,0,0,0,0,0,7,0,0,0,0,0,0,0,0,0,0,0,0,10,10,10,0,10,0,0,0,2,1,0,0,0,0,1,2,0,0,0,7,10,9,0,0,0,0,10,3,9,0,0,0,0,0,0,10,0,0,9,10,9,8,8,7,9,0,5,9,9,6,0,9,0,0,6,3,3,7,7,0,0,0,7,9,10,9,10,5,0,6,7,8,3,0,10,7,2,2,8,8,0,10,0,10,3,1,6,10,9,8,0,5,1,1,3,0,10,2,6,1,0,9,0,0,0,9,0
000199_000009_008702314,Иванова Августина Васильевна,Педагогические условия развития познавательной самостоятельности обучающихся классов гуманитарного профиля,Северо-Восточный федеральный университет имени М.К. Аммосова,2019,0,0,0,0,0,0,10,0,3,0,0,0,0,0,0,0,2,0,0,0,0,0,10,7,0,0,0,1,0,0,0,0,0,0,0,0,0,0,0,0,0,0,3,2,8,0,0,0,0,9,6,0,0,10,0,2,0,5,0,0,0,0,0,0,0,0,0,8,10,0,9,7,10,6,0,0,9,9,9,0,7,0,0,3,9,8,0,0,0,0,0,8,0,9,0,7,0,0,0,6,0,0,0,8,5,7,8,7,0,0,8,0,8,0,9,9,0,9,0,0,10,7,9,8,0,10,8,0,3,0,8,3,0,0,4,0
000199_000009_008705470,Григорьев Сергей Георгиевич,Подготовка учителей информатики к использованию новых организационных форм в образовательном процессе,"Кафедра информатики и прикладной математики института математики, информатики и естественных наук Государственного автономного образовательного учреждения высшего образования города Москвы «Московский городской педагогический университет»",2017,0,0,0,9,0,8,8,8,10,8,0,0,0,0,0,9,9,9,8,7,0,0,0,10,0,0,0,0,0,0,0,0,0,0,0,0,0,0,0,0,2,0,2,2,0,0,8,0,0,9,8,0,0,9,8,10,9,9,0,0,7,0,0,0,0,0,0,9,9,10,10,10,8,9,0,8,8,10,10,8,8,0,0,0,9,9,9,8,8,0,0,8,9,10,0,9,0,0,0,7,7,8,0,9,8,0,9,9,0,0,9,0,9,9,9,9,10,9,0,0,9,8,0,0,0,9,0,0,0,0,9,2,0,0,8,0
000199_000009_008715932,Гейн Александр Георгиевич,Развитие универсальных учебных действий школьников при обучении математике на основе принципа наглядности,Нижнетагильский государственный социально-педагогический институт (филиал) федерального государственного автономного образовательного учреждения высшего образования «Российский государственный профессионально-педагогический университет»,2018,0,0,0,0,0,10,0,0,0,0,0,0,0,0,0,0,0,0,0,0,0,0,10,0,0,0,0,0,0,0,0,0,0,0,0,0,0,0,0,0,0,0,0,0,0,0,0,0,0,0,0,0,0,10,0,0,0,0,0,0,0,0,0,0,0,0,0,0,10,0,0,10,0,0,0,0,0,8,7,0,9,0,0,0,0,9,0,6,0,0,0,0,0,10,0,0,0,0,0,7,0,0,0,8,0,0,7,7,0,0,0,0,0,9,0,10,0,10,0,0,0,0,9,8,0,0,8,0,0,0,0,0,0,0,0,0
000199_000009_008717428,Левченко Ирина Витальевна,Технология дополненной реальности как объект изучения и средство обучения в курсе информатики основной школы,кафедра информатики и прикладной математики института цифрового образования Государственного автономного образовательного учреждения высшего образования города Москвы «Московский городской педагогический университет»,2018,0,0,0,0,0,10,0,0,2,0,0,0,0,0,0,0,0,0,0,3,0,0,0,10,0,0,0,3,0,0,0,0,0,0,0,0,0,0,3,3,0,0,0,0,3,0,3,0,5,6,7,0,0,10,0,2,0,8,0,0,0,5,0,0,0,0,0,8,9,9,10,10,7,8,0,3,6,9,6,0,7,0,0,2,7,8,5,0,0,0,0,3,6,10,10,5,3,0,2,4,0,0,0,9,7,0,0,8,7,0,9,0,0,0,5,7,8,8,7,0,6,0,0,0,0,8,5,4,0,0,10,0,0,0,6,0
000199_000009_010253849,Гриншкун Вадим Валерьевич,Использование облачных технологий в совместной работе преподавателей вуза как основа интегрированной подготовки учителей для школ Международного бакалавриата,департамент информатизации образования института цифрового образования Государственного автономного образовательного учреждения высшего образования города Москвы «Московский городской педагогический университет»,2020,0,0,0,8,0,0,0,0,0,0,0,10,0,0,0,0,0,0,0,0,0,0,0,10,0,0,0,0,0,0,0,0,0,0,0,0,0,0,0,0,0,0,0,0,0,0,0,0,0,10,8,0,0,0,0,10,0,10,0,0,0,0,0,0,0,0,0,0,10,9,0,0,8,0,0,0,8,9,8,0,0,0,0,0,9,9,0,0,0,0,0,0,0,10,0,9,0,0,0,7,7,0,0,8,8,0,0,9,0,0,0,0,0,0,0,0,10,9,0,0,0,8,0,0,0,10,7,0,0,0,0,0,0,0,8,0
000199_000009_011223700,Рудинский Игорь Давидович,Формирование англоязычных коммуникативных умений студентов мореходных специальностей средствами технологии автоматического распознавания речи,ФГБОУ ВО «Калининградский государственный технический университет»,2022,0,0,0,0,0,0,0,0,10,0,9,0,0,0,0,0,6,0,0,0,0,0,0,0,0,0,0,0,0,0,0,0,0,10,10,0,0,0,0,0,0,0,0,0,0,0,0,0,9,10,8,0,0,0,0,10,5,8,0,0,0,0,0,0,0,0,0,9,10,10,10,9,10,8,0,0,9,8,6,0,8,0,0,2,0,0,0,7,0,0,0,0,0,10,0,7,0,0,3,8,0,4,0,9,6,0,0,0,6,0,10,7,10,0,0,7,9,9,7,0,7,0,0,0,0,9,0,0,0,0,0,0,0,0,0,0
000199_000009_011323180,Попов Николай Иванович,Обучение аксиоматическому методу введения элементарных функций в вузе как компонент системы формирования методической компетентности будущих учителей математики,федерального государственного бюджетного образовательного учреждения высшего образования «Сыктывкарский государственный университет имени Питирима Сорокина»,2022,0,0,0,0,0,5,8,0,0,8,5,0,0,2,0,0,5,5,0,0,0,0,10,7,0,0,0,3,0,0,0,0,0,0,0,0,0,0,0,0,0,0,0,0,0,0,0,0,0,9,6,0,0,8,0,10,4,10,0,0,0,0,0,0,0,0,0,8,10,7,9,10,0,8,0,6,10,7,7,0,6,0,0,0,0,7,0,0,0,0,0,9,0,9,0,10,0,0,0,0,0,0,0,10,10,0,0,7,5,0,9,0,5,0,6,7,10,7,0,0,8,0,0,8,0,7,7,0,0,0,0,0,0,0,0,0
000199_000009_011401268,Рудинский Игорь Давидович,Педагогическое содействие вторичному профессиональному самоопределению безработных граждан,Федеральное государственное автономное образовательное учреждение высшего образования «Балтийский федеральный университет имени Иммануила Канта»,2022,0,0,0,0,0,0,0,2,3,0,0,0,0,0,0,10,6,10,5,9,0,0,0,0,0,0,0,0,0,0,0,0,0,0,0,0,0,0,0,0,5,0,8,4,6,0,0,0,0,10,8,0,0,0,0,0,10,0,0,0,0,0,0,7,0,0,0,8,10,9,9,9,9,10,0,5,8,10,10,7,6,0,0,2,7,7,1,1,0,0,0,3,0,2,0,1,0,0,3,8,8,9,0,10,4,0,0,7,7,0,10,9,9,0,7,6,10,7,7,0,10,8,6,9,0,10,8,9,0,0,0,0,0,0,7,0
000199_000009_011401401,Козлов Олег Александрович,Методические подходы к формированию межкультурной коммуникативной компетенции курсантов военных технических вузов,федеральное государственное бюджетное научное учреждение «Институт стратегии развития образования Российской академии образования»,2022,0,0,0,0,0,0,0,0,10,0,10,0,0,0,0,0,2,0,0,9,0,0,2,0,0,0,0,0,0,0,10,0,0,10,8,2,0,0,0,3,3,0,0,0,0,0,9,0,9,8,8,0,0,0,0,10,3,2,10,0,0,0,1,0,2,0,0,9,8,7,9,10,9,9,0,4,10,9,8,7,7,0,0,6,9,9,9,8,6,0,0,6,0,7,0,6,7,0,3,6,1,1,0,9,8,1,8,7,6,0,9,0,10,7,6,8,10,7,6,0,7,7,1,6,0,10,6,6,6,0,7,0,0,0,9,6
000199_000009_011827604,Гриншкун Вадим Валерьевич,Использование информационных технологий для кластерной региональной дифференциации обучения студентов в системе трансграничного образования,Федеральное государственное автономное образовательное учреждение высшего образования «Российский университет дружбы народов»,2023,0,0,0,0,0,0,0,0,10,8,0,0,0,0,0,0,0,0,0,0,0,0,0,0,0,0,0,0,0,0,0,0,0,6,0,0,0,0,0,0,0,0,8,0,0,0,0,0,0,0,7,0,0,0,0,10,0,0,0,0,0,0,0,0,9,0,0,0,9,0,0,8,7,0,0,0,0,7,8,0,0,0,0,0,0,0,0,0,0,0,0,0,0,10,0,10,0,0,0,6,0,0,0,7,0,0,0,0,0,0,0,0,7,7,0,0,8,0,9,0,8,0,0,0,0,7,0,0,0,0,7,0,0,0,0,0
000199_000009_011827605,Григорьев Сергей Георгиевич,Игровые технологии в обучении информатике учащихся 3-4 классов в школьном лагере,Государственное автономное образовательное учреждение высшего образования города Москвы «Московский городской педагогический университет»,2023,0,0,0,0,10,2,0,2,1,0,0,0,0,1,0,0,0,0,10,3,0,0,5,10,5,5,0,0,0,0,0,0,0,0,0,0,0,0,0,0,0,0,1,0,0,6,8,0,9,7,8,0,0,10,2,1,1,3,0,0,0,0,7,0,0,0,0,6,8,9,10,9,6,9,0,4,7,9,8,3,8,0,0,2,10,7,10,0,6,0,0,6,7,9,0,8,10,0,3,7,7,5,0,10,3,2,9,8,7,0,10,9,9,9,7,9,7,8,7,0,10,2,2,2,0,3,7,6,0,0,7,0,3,0,6,0
000199_000009_012396868,Левченко Ирина Витальевна,Вариативное обучение системам искусственного интеллекта в рамках учебного предмета «Информатика» основной школы,Государственного автономного образовательного учреждения высшего образования города Москвы «Московский городской педагогический университет»,2023,0,0,0,0,0,10,0,0,0,0,0,0,0,0,0,0,0,0,0,0,0,0,0,10,0,0,0,0,0,0,0,0,0,0,0,0,0,0,0,0,0,0,0,0,0,0,0,0,0,0,10,0,0,10,0,0,0,0,0,0,0,0,0,0,0,0,0,0,9,0,0,10,7,0,0,0,7,9,0,6,6,0,0,0,7,7,7,0,0,0,0,9,8,9,0,8,0,0,0,0,0,0,0,10,0,5,0,7,7,0,9,7,0,0,0,7,0,10,0,0,0,6,6,0,0,0,8,0,0,0,8,0,0,0,0,0
000199_000009_012494589,Попов Николай Иванович,Реализация когнитивно-визуального подхода и метода схематизации при обучении математике студентов медицинских специальностей вуза,федеральном государственном бюджетном образовательном учреждении высшего образования «Сыктывкарский государственный университет имени Питирима Сорокина»,2024,0,0,0,0,0,0,6,5,10,0,10,0,0,0,0,0,0,0,0,0,0,0,10,4,0,0,0,6,0,0,0,0,0,0,0,0,0,0,0,0,0,0,0,0,0,0,0,0,0,8,8,0,0,6,0,10,0,3,0,0,0,0,0,0,7,0,0,9,10,10,9,10,8,7,0,7,9,8,10,0,8,0,0,6,5,6,0,0,0,0,0,7,7,9,0,9,0,0,6,5,0,5,0,10,7,0,0,8,7,0,10,0,0,0,7,10,9,8,0,0,9,0,0,8,0,7,6,5,0,0,7,0,0,0,7,0
000199_000009_012712865,Яковлева Елена Викторовна,Объективизация процесса патриотического воспитания младших подростков во внеучебной деятельности,федеральное государственное бюджетное образовательное учреждение высшего образования «Череповецкий государственный университет»,2024,0,0,0,0,0,10,0,0,0,0,0,0,0,0,0,0,6,0,10,0,0,0,0,0,0,0,0,0,0,0,0,0,0,0,0,0,0,0,0,0,0,0,0,0,0,0,0,0,0,10,9,0,0,10,0,0,0,7,0,0,0,0,0,0,0,0,0,9,10,7,9,0,10,8,0,0,7,10,9,10,6,0,0,0,0,7,0,0,6,0,0,0,0,0,0,0,0,0,0,9,9,0,0,10,7,9,6,8,8,0,0,0,8,9,7,6,0,0,10,0,10,10,6,10,0,9,10,9,10,0,0,0,0,0,0,0
000199_000009_013039346,Иванова Августина Васильевна,Формирование ценностных ориентаций обучающихся средствами этнокультурного воспитания (на примере Республики Саха(Якутия)),ФГАОУ ВО «Северо-Восточный федеральный университет имени М.К. Аммосова»,2024,0,0,0,0,0,0,0,10,0,0,0,0,0,0,0,0,6,0,0,0,0,0,7,0,0,0,0,0,0,0,0,0,0,0,0,0,0,0,0,0,5,0,0,0,5,0,0,0,0,9,10,0,0,0,10,0,0,7,0,0,0,0,0,0,0,0,0,9,10,8,9,0,10,10,0,0,0,9,9,10,7,0,0,0,9,0,0,6,8,0,0,8,0,0,0,0,0,0,0,0,0,0,0,7,0,0,9,0,0,0,7,0,5,8,0,7,0,0,7,0,9,10,0,8,0,0,0,10,10,0,0,0,6,5,6,5
000199_000009_013165256,Козлов Олег Александрович,Научно-методические подходы к разработке и использованию цифрового адаптивного ресурса при информационном взаимодействии в изменяющихся условиях (на примере обучения инженеров — специалистов по эксплуатации сложных технических систем),Федеральное государственное бюджетное научное учреждение «Институт стратегии развития образования»,2024,0,0,0,0,0,0,0,0,0,0,10,0,0,0,0,0,0,0,0,9,0,0,0,0,0,0,0,0,0,0,0,0,0,0,0,0,0,0,0,0,0,0,0,0,0,0,9,0,10,10,8,0,0,0,0,10,7,5,9,0,0,0,0,0,0,0,0,10,9,9,9,9,0,9,0,0,9,7,8,6,9,0,0,0,8,7,7,0,0,0,0,0,7,10,8,7,0,0,0,7,8,0,0,9,8,0,8,8,8,0,9,0,7,6,0,8,10,0,6,0,6,7,0,0,0,9,0,0,0,0,9,0,0,0,9,8
000199_000009_013195849,Григорьев Сергей Георгиевич,Интеграционная методология поэтапного формирования алгоритмического мышления при обучении информатике и программированию,кафедра вычислительной математики механико-математического факультета МГУ имени М.В. Ломоносова,2024,0,0,10,0,9,8,8,0,9,0,0,0,0,0,0,0,8,8,8,0,0,0,5,2,2,2,0,2,0,0,6,8,8,2,0,0,0,0,0,0,0,0,0,0,2,0,5,0,5,10,7,0,0,9,0,9,7,9,0,0,0,6,4,0,0,0,0,9,8,10,9,9,0,8,0,0,9,8,8,6,7,0,0,0,0,8,8,0,0,0,0,7,0,10,3,10,7,0,0,6,6,0,0,10,9,7,3,9,6,0,10,0,7,8,0,9,9,8,6,0,8,6,0,0,0,0,0,3,5,0,10,0,0,0,6,0
000200_000018_RU_NLR_bibl_1166569,Козлов Олег Александрович,Профильная подготовка учащихся кадетских классов в области информатики и информационных технологий,Серпуховском военном институте ракетных войск,2000,0,0,0,0,3,0,9,0,10,0,0,0,0,0,0,0,0,0,0,8,0,0,5,5,0,0,0,0,0,0,0,0,0,0,0,0,0,0,0,0,0,0,3,2,0,0,10,0,8,8,7,0,0,9,0,9,0,2,8,0,0,0,7,0,0,0,0,8,9,9,10,9,7,8,0,0,8,8,6,3,7,0,0,0,7,7,0,0,7,0,0,6,0,9,0,6,0,0,0,0,0,0,0,9,7,0,8,8,8,0,9,0,0,3,6,8,9,0,0,0,7,3,0,0,0,9,0,0,0,0,9,0,0,0,0,0
000200_000018_RU_NLR_bibl_1676363,Кудинов Виталий Алексеевич,"Система смешанного обучения программированию, ориентированная на формирование профессиональной коммуникативной компетентности",ГОУ ВПО «Курский государственный университет»,2009,0,0,0,0,0,0,0,0,10,5,10,0,0,0,0,5,0,0,0,4,0,0,9,10,0,0,0,0,0,0,0,0,0,0,0,0,0,0,0,0,3,0,2,0,0,0,9,0,7,9,4,0,0,0,0,10,4,6,0,0,0,0,0,0,0,0,0,8,10,10,10,10,7,9,0,6,10,7,9,0,7,0,0,5,10,6,6,9,0,0,0,9,9,9,0,7,0,0,8,8,10,10,0,10,8,6,8,9,8,0,10,10,10,10,7,9,10,7,8,0,7,0,0,0,0,7,9,7,0,0,7,0,0,0,9,0
000200_000018_RU_NLR_bibl_1841493,Григорьев Сергей Георгиевич,Формирование сетевой культуры учителя информатики в системе повышения квалификации,Институт математики и информатики Государственного образовательного учреждения высшего профессионального образования города Москвы «Московский городской педагогический университет»,2011,0,0,0,0,6,6,6,6,8,0,0,0,0,0,0,9,10,8,6,0,0,0,2,10,0,0,0,0,0,0,0,0,0,0,0,0,0,0,0,0,7,0,0,7,0,0,0,0,0,10,8,0,0,6,6,6,10,10,0,0,0,0,0,0,0,0,0,9,10,9,8,8,9,10,0,0,8,9,8,9,7,0,0,0,8,8,0,7,8,0,0,7,7,9,5,9,0,0,7,8,8,7,0,9,8,0,9,8,8,0,9,0,9,8,8,8,9,0,0,0,9,9,0,8,0,8,8,0,0,0,10,6,0,0,10,0
000200_000018_RU_NLR_bibl_1867164,Гриншкун Вадим Валерьевич,"Система обучения информатике будущих учителей химии и биологии, основанная на использовании технологии графического программирования",Государственное образовательное учреждение высшего профессионального образования города Москвы «Московский городской педагогический университет»,2011,0,0,0,6,0,0,0,0,10,0,0,0,0,0,0,0,0,0,0,0,0,0,3,10,3,10,0,0,0,0,0,0,0,0,0,0,0,0,0,0,0,0,0,0,0,0,0,0,7,6,8,0,0,5,0,10,0,9,0,0,0,0,0,0,0,0,0,6,7,9,10,9,0,8,0,5,8,7,8,0,7,0,0,0,7,7,0,0,0,0,0,3,6,10,9,9,0,0,0,0,0,0,0,10,7,6,6,7,7,0,10,0,0,0,0,7,9,0,6,0,8,0,0,0,0,10,0,7,0,0,8,0,0,0,8,0
000200_000018_RU_NLR_bibl_247179,Григорьев Сергей Георгиевич,Принципы построения и использования экспертных обучающих систем в курсе «Теоретические основы информатики»,Курском государственном педагогическом университете,2000,0,0,0,0,0,8,0,0,0,7,0,0,0,0,0,0,0,0,0,0,0,0,4,10,0,2,0,2,0,0,0,0,0,0,0,0,0,0,0,0,0,0,0,0,2,0,0,0,6,9,7,0,0,10,0,9,0,9,0,0,0,0,5,0,0,0,0,9,9,6,9,8,8,7,0,5,0,10,9,0,7,0,0,0,0,6,0,7,0,0,0,4,3,10,0,0,0,0,7,7,0,6,0,10,8,0,4,7,7,0,9,0,8,5,7,8,7,0,0,0,8,5,0,0,0,6,9,0,0,0,0,0,0,0,6,0
000200_000018_RU_NLR_bibl_261853,Григорьев Сергей Георгиевич,"Методические аспекты, содержание и организационные формы курса информатики на гуманитарных факультетах педагогического вуза",Курский государственный педагогический университет,2000,0,0,0,4,0,0,0,0,10,5,5,0,0,0,0,0,0,0,0,0,0,0,6,10,0,0,0,0,0,7,0,5,0,0,0,0,0,0,5,7,0,0,0,0,0,0,0,0,0,9,8,0,0,0,0,10,0,8,0,0,0,0,0,0,0,0,0,0,10,0,8,9,8,9,0,0,7,8,7,6,7,0,0,5,0,6,0,0,0,0,0,7,0,8,0,0,0,0,5,0,0,6,0,9,7,0,0,8,9,0,9,0,0,0,0,0,8,8,0,0,8,0,0,0,0,0,0,0,0,0,10,0,0,0,0,0
000200_000018_RU_NLR_bibl_323806,Козлов Олег Александрович,Проектирование управленческой подготовки военных специалистов в системе гражданских вузов,Тульский государственный университет,2001,0,0,0,0,0,0,0,0,10,0,0,0,0,0,0,0,0,0,0,0,0,0,0,0,0,0,0,0,0,0,0,0,0,0,0,0,0,0,0,0,0,0,0,0,0,0,0,0,8,7,9,0,0,0,0,10,0,0,10,0,0,0,0,0,0,0,0,8,10,0,9,8,8,10,0,5,0,10,0,0,7,0,0,0,0,8,0,0,0,0,0,0,0,0,0,0,0,0,0,0,0,0,0,10,0,0,0,0,0,0,10,0,0,0,0,0,10,0,0,0,0,0,0,0,0,0,0,0,0,0,0,0,0,0,7,0
000200_000018_RU_NLR_bibl_341901,Иванова Августина Васильевна,Педагогические условия развития положительной мотивации учения у школьников (на материале уроков математики),Якутский государственный университет имени М.К. Аммосова,2001,0,0,0,0,8,9,8,0,0,0,0,0,0,0,0,0,0,0,0,0,0,0,10,0,0,0,0,0,0,0,0,0,0,0,0,0,0,0,0,0,0,0,0,0,0,0,0,0,0,9,7,0,0,10,0,0,0,0,0,0,0,0,0,0,0,0,0,7,0,8,7,7,10,0,0,0,0,8,9,6,0,0,0,0,0,6,7,6,0,0,0,2,0,0,0,0,0,0,0,8,7,0,0,8,6,0,7,5,6,0,7,0,0,7,8,7,0,0,7,0,10,8,7,9,0,0,8,0,0,0,0,0,0,0,0,0
000200_000018_RU_NLR_bibl_348860,Григорьев Сергей Георгиевич,Изучение методов представления информации в курсе информатики на примере гипертекстового представления учебного материала по тригонометрии,Курский государственный педагогический университет,2000,0,0,0,0,0,0,9,0,7,0,0,0,0,0,0,0,0,0,0,0,0,0,9,10,0,0,0,0,0,0,0,0,0,0,0,0,0,0,0,0,0,0,0,0,0,0,0,0,0,0,8,0,0,10,0,6,0,0,0,0,0,0,0,0,0,0,0,0,0,0,10,9,0,0,0,0,8,9,7,0,0,0,0,6,0,7,0,0,0,0,0,0,0,10,0,8,0,0,0,0,0,7,0,9,0,0,0,9,0,0,10,0,0,0,0,8,0,0,0,0,8,0,0,0,0,6,7,0,0,0,9,0,0,0,0,0
000200_000018_RU_NLR_bibl_377971,Козлов Олег Александрович,Методика подготовки специалистов к использованию открытых информационных систем управления предприятиями,Институт современного бизнеса,2001,0,0,0,0,0,0,0,0,8,0,0,0,0,0,0,0,10,7,0,0,0,0,0,9,0,0,0,0,0,0,0,0,0,0,0,0,0,0,0,0,0,0,9,0,0,0,8,0,0,10,7,0,0,0,0,9,10,0,0,0,0,0,0,0,0,0,0,0,0,0,0,10,0,9,0,0,8,9,0,0,9,0,0,0,8,7,0,0,0,0,0,7,6,10,0,7,0,0,7,6,0,0,0,10,8,0,9,8,7,0,10,0,0,0,6,9,10,7,0,0,0,0,0,0,0,8,7,7,0,0,10,0,0,0,8,0
000200_000018_RU_NLR_bibl_382028,Козлов Олег Александрович,Технология информационной подготовки курсантов в условиях моделирования экстремальных ситуаций профессиональной деятельности,Серпуховский военный институт ракетных войск,2001,0,0,0,2,0,0,0,5,10,0,0,0,0,0,0,3,0,0,0,10,0,0,3,10,0,0,0,0,0,0,0,0,0,0,0,0,0,0,0,0,0,0,2,2,0,0,10,2,7,8,6,0,0,2,5,10,3,6,10,0,0,0,3,0,0,0,0,9,9,8,10,9,8,7,0,6,8,9,10,0,10,0,0,2,7,8,3,0,0,8,0,8,7,9,4,9,3,0,7,8,0,0,0,10,7,0,9,9,9,0,10,0,7,0,9,10,10,0,0,0,8,0,0,0,0,9,7,6,0,0,10,0,0,0,7,8
000200_000018_RU_NLR_bibl_409028,Григорьев Сергей Георгиевич,"Развитие методической системы курса ""Математика и информатика"" для студентов, специализирующихся в области изобразительного искусства и дизайна",Курский государственный педагогический университет,2002,0,0,0,3,0,0,0,3,10,7,7,0,0,0,0,0,0,0,0,0,0,0,8,10,0,0,0,0,0,0,0,0,0,0,0,0,0,0,0,0,0,0,0,0,3,10,8,0,7,9,9,0,0,3,3,10,0,4,0,0,0,0,0,0,0,0,0,8,9,8,9,10,7,9,0,5,7,8,6,0,8,0,0,6,7,8,0,0,9,0,0,8,0,7,0,3,0,0,6,7,0,5,0,10,8,0,9,9,8,0,10,0,6,0,7,9,9,8,0,0,6,0,0,0,0,6,0,7,0,0,8,0,0,0,7,0
000200_000018_RU_NLR_bibl_409028,Кудинов Виталий Алексеевич,"Развитие методической системы курса ""Математика и информатика"" для студентов, специализирующихся в области изобразительного искусства и дизайна",Курский государственный педагогический университет,2002,0,0,0,3,0,0,0,3,10,7,7,0,0,0,0,0,0,0,0,0,0,0,8,10,0,0,0,0,0,0,0,0,0,0,0,0,0,0,0,0,0,0,0,0,3,10,8,0,7,9,9,0,0,3,3,10,0,4,0,0,0,0,0,0,0,0,0,8,9,8,9,10,7,9,0,5,7,8,6,0,8,0,0,6,7,8,0,0,9,0,0,8,0,7,0,3,0,0,6,7,0,5,0,10,8,0,9,9,8,0,10,0,6,0,7,9,9,8,0,0,6,0,0,0,0,6,0,7,0,0,8,0,0,0,7,0
000200_000018_RU_NLR_bibl_413723,Соколова Ольга Владимировна,Становление народного образования на Сахалине во второй половине XIX – первой четверти XX века,Сахалинский государственный университет,2002,0,0,0,0,10,7,5,0,0,0,0,0,0,0,0,0,0,0,0,0,0,0,5,0,0,0,0,0,0,0,0,7,0,0,0,0,0,0,6,10,0,0,0,0,0,0,0,0,0,10,8,0,0,10,0,0,0,8,0,0,0,0,0,7,6,0,0,9,0,8,0,0,7,0,0,8,0,0,5,0,0,0,0,7,0,0,0,0,5,0,0,0,0,0,0,0,0,0,6,0,0,0,0,8,0,0,5,0,0,0,7,0,0,0,0,0,0,0,0,0,0,7,0,0,0,0,0,0,0,0,0,0,0,0,6,0
000200_000018_RU_NLR_bibl_444814,Иванова Августина Васильевна,Организационно-педагогические условия развития системы 4-летнего начального образования (на примере начальных школ Республики Саха (Якутия)),Кафедра педагогики начального образования педагогического института Якутского государственного университета им. М.К. Аммосова,2003,0,0,0,0,10,0,0,0,0,0,0,0,0,0,0,0,0,0,7,0,0,0,0,0,0,0,0,0,0,0,0,0,0,0,0,0,0,0,0,0,0,0,0,0,0,0,0,0,0,8,0,0,0,10,0,0,0,9,0,0,0,0,0,0,0,0,0,0,9,10,9,0,10,0,0,0,0,9,9,6,7,0,0,2,0,0,6,0,0,0,0,0,0,0,0,0,0,0,0,7,0,0,0,6,7,0,0,7,0,0,6,8,7,0,7,7,9,8,0,0,7,6,0,7,0,7,9,0,0,0,0,0,0,0,6,0
000200_000018_RU_NLR_bibl_455787,Бидайбеков Есен Ыкласович,Теоретико-методологические основы информационной модели формирования студенческого контингента вузов,Алматинский государственный университет им. Абая,2003,0,0,0,0,0,0,9,5,10,0,0,0,0,0,0,0,0,0,0,0,0,0,7,9,0,0,0,0,0,0,0,0,0,0,0,0,0,0,0,0,0,0,0,0,0,0,0,0,0,8,7,0,0,9,0,10,0,6,0,0,0,0,0,0,0,0,0,10,10,0,9,0,7,0,0,7,7,8,6,0,0,0,0,8,0,0,0,0,0,0,0,0,0,9,0,8,0,0,7,0,0,0,0,10,0,0,0,0,0,0,9,0,0,0,0,0,8,0,0,0,0,0,0,0,0,8,0,0,0,0,0,0,0,0,0,0
000200_000018_RU_NLR_bibl_465245,Григорьев Сергей Георгиевич,"Совершенствование методики построения образовательного веб-сайта (на примере создания телекоммуникационного программно-методического комплекса по информатике, основанного на системе логического программирования)",Институт общего среднего образования Российской академии образования,2001,0,0,0,0,2,2,9,0,5,0,0,0,0,0,0,0,4,4,5,4,0,0,3,10,0,0,3,0,8,0,0,0,0,3,0,0,0,0,3,3,3,0,0,2,0,0,6,0,0,7,7,0,0,10,0,5,4,8,0,0,0,3,3,0,0,0,0,8,9,7,9,10,9,8,0,5,0,9,8,7,8,0,0,6,10,7,4,8,5,0,0,7,6,10,0,8,4,0,4,8,6,7,0,9,8,0,7,9,8,0,9,0,8,9,8,9,6,0,5,0,7,6,6,6,0,7,7,0,5,0,10,0,4,0,6,0
000200_000018_RU_NLR_bibl_478154,Козлов Олег Александрович,Тестовая диагностика в системе компьютерной профессиональной подготовки будущего специалиста (на примере военного вуза),Волжский государственный инженерно-педагогический институт и Серпуховский военный институт ракетных войск.,2001,0,0,0,0,0,0,3,0,10,0,9,0,0,0,0,0,0,0,0,8,0,0,0,10,0,0,0,0,0,0,0,0,0,0,0,0,0,0,0,0,0,0,0,0,0,0,9,0,9,7,6,0,0,3,0,10,0,2,10,0,0,0,2,0,0,0,0,8,9,7,9,9,9,7,0,4,9,7,5,0,6,0,0,5,6,5,0,0,0,0,0,2,0,10,0,8,0,0,4,7,6,6,0,10,7,0,6,8,6,0,10,0,0,0,6,9,10,6,0,0,7,5,0,0,0,9,6,7,5,0,9,0,0,0,10,0
000200_000018_RU_NLR_bibl_812854,Григорьев Сергей Георгиевич,Систематизация понятий курса информатики на основе методов искусственного интеллекта,Институт общего среднего образования Российской академии образования,2003,0,0,0,9,0,0,0,0,9,0,0,0,0,0,0,0,0,0,0,0,0,0,4,10,0,4,0,0,0,0,0,4,0,4,0,0,0,0,0,0,0,0,0,0,0,0,0,0,0,10,7,0,0,9,0,9,0,8,0,0,0,0,0,0,0,0,0,0,9,8,10,0,7,0,0,6,6,7,6,0,0,0,0,0,6,6,0,0,0,0,0,0,0,10,0,0,0,0,0,5,5,6,0,10,0,0,0,9,7,0,7,0,0,0,0,5,0,0,0,0,4,0,0,4,0,0,0,0,0,0,7,0,0,0,0,0
mn2025072500001,Григорьев Сергей Георгиевич,Развитие интегративных подходов к созданию средств информатизации образования,Московский городской педагогический университет,2004,0,0,0,8,0,0,7,7,10,0,0,6,5,5,0,8,7,7,0,8,0,0,6,10,0,0,0,0,0,0,7,6,6,0,0,0,0,0,6,0,5,0,7,6,0,0,10,0,7,10,8,0,0,8,7,10,9,10,0,0,0,0,5,0,3,0,0,10,9,8,10,9,8,8,0,5,7,7,7,0,6,0,0,5,6,9,3,5,6,0,0,8,9,10,0,8,3,0,0,4,0,5,0,10,9,0,7,8,8,0,8,0,5,6,0,7,9,0,0,0,10,0,0,0,0,10,5,0,0,0,9,0,0,0,7,0
