Code,defense_council,leading_organization,specialties_1.code,specialties_1.name,specialties_2.code,specialties_2.name,supervisors_1.name,supervisors_1.degree,supervisors_1.title,supervisors_1.other,supervisors_2.name,supervisors_2.degree,supervisors_2.title,supervisors_2.other,defense_location,year,opponents_1.name,opponents_1.degree,opponents_1.title,opponents_1.other,opponents_2.name,opponents_2.degree,opponents_2.title,opponents_2.other,opponents_3.name,opponents_3.degree,opponents_3.title,opponents_3.other,candidate_name,degree.degree_level,degree.science_field,institution_prepared,title,city,supervisors,opponents,specialties
mn20250921001,,,13.00.02,Информатика,,,Григорьев Сергей Георгиевич,,,,,,,,,1998,,,,,,,,,,,,,Бидайбеков Есен Ыкласович,доктор,,,Развитие методической системы обучения информатике специалистов совмещенных с информатикой профилей в университетах Республики Казахстан,,,,13.00.02 Информатика
mn20250921002,,,13.00.01,общая педагогика,,,Бидайбеков Есен Ыкласович,,,,,,,,,2003,,,,,,,,,,,,,Балыкбаев Т.О.,доктор,,,Теоретико-методологические основы информационной модели формирования студенческого контингента вузов,Алматы,,,13.00.01 общая педагогика
mn20250921003,,,05.13.10,управление в социальных и экономических системах),,,Бидайбеков Есен Ыкласович,,,,,,,,,2007,,,,,,,,,,,,,Ахметов Б.С.,доктор,,,Научно-методические основы моделирования информационной образовательной среды вуза,Алматы,,,05.13.10 управление в социальных и экономических системах)
mn20250921004,,,13.00.02,теория и методика обучения и воспитания (информатика,,,Бидайбеков Есен Ыкласович,,,,,,,,,2007,,,,,,,,,,,,,Нурбекова Ж.К.,доктор,,,Фундаментальное и опережающее обучение программированию студентов по специальности «информатика»,Алматы,,,13.00.02 теория и методика обучения и воспитания (информатика
mn20250921005,,,13.00.02,теория и методика обучения и воспитания (информатика,,,Бидайбеков Есен Ыкласович,,,,,,,,,2009,,,,,,,,,,,,,Усенов С.С.,доктор,,,"Теоретико-методические основы применения и оценки качества электронных ресурсов для обучения информатике в вузе (специальность 13.00.02 – теория и методика обучения и воспитания (информатика, информатизация образования)) – Алматы, 2009.",Алматы,,,13.00.02 теория и методика обучения и воспитания (информатика
mn20250921006,,,13.00.08,теория и методика профессионального образования) – Алматы,,,Бидайбеков Есен Ыкласович,,,,,,,,,2009,,,,,,,,,,,,,Қасқатаева Б.Р.,доктор,,,"Болашақ математика мұғалімін кәсіби дайындауда оның әдістемелік құзырлығын қалыптастыру. (специальность 13.00.08 – теория и методика профессионального образования) – Алматы, 2009.",Алматы,,,13.00.08 теория и методика профессионального образования) – Алматы
mn20250921007,,,13.00.02,теория и методика обучения и воспитания (информатика,,,Бидайбеков Есен Ыкласович,,,,,,,,,2010,,,,,,,,,,,,,Камалова Г.Б.,доктор,,,"Совершенствование обучения вычислительной информатике как фактор развития системы подготовки учителей информатики (специальность 13.00.02 – теория и методика обучения и воспитания (информатика, информатизация образования)) – Алматы, 2010.",Алматы,,,13.00.02 теория и методика обучения и воспитания (информатика
mn20250921008,,,13.00.02,теория и методика обучения и воспитания (информатика,,,Бидайбеков Есен Ыкласович,,,,,,,,,2010,,,,,,,,,,,,,Мухамбетжанова С.Т.,доктор,,,"Біліктілікті арттыру жүйесінде педагогтардың ақпараттық-коммуникациялық құзырлылығын қалыптастырудың ғылыми-әдістемелік негіздері (специальность 13.00.02 – теория и методика обучения и воспитания (информатика, информатизация образования)) – Алматы, 2010.",Алматы,,,13.00.02 теория и методика обучения и воспитания (информатика
mn20250921009,,,13.00.02,Теория и методика обучения и воспитания (информатизация  начального,,,Бидайбеков Есен Ыкласович,,,,,,,,,2010,,,,,,,,,,,,,Нурбеков Б.Ж.,доктор,,,"Теоретико-методологические основы формирования профессиональной компетентности  преподавателей по дистанционному обучению (специальность 13.00.02 – Теория и методика обучения и воспитания (информатизация  начального, среднего и высшего системы образования) – Алматы, 2010.",Алматы,,,13.00.02 Теория и методика обучения и воспитания (информатизация  начального
mn20250921010,,,13.00.02,теория и методика обучения и воспитания (информатика,,,Бидайбеков Есен Ыкласович,,,,,,,,,2010,,,,,,,,,,,,,Абдраимов Д.С.,доктор,,,"Развитие системы подготовки преподавателей к управленческой деятельности в условиях информатизации технического и профессионального образования (специальность 13.00.02 – теория и методика обучения и воспитания (информатика, информатизация образования)) – Алматы, 2010.",Алматы,,,13.00.02 теория и методика обучения и воспитания (информатика
mn20250921011,,,13.00.02,теория и методика обучения и воспитания (информатика,,,Бидайбеков Есен Ыкласович,,,,,,,,,2010,,,,,,,,,,,,,Абдиев К.С.,доктор,,,"Формирование ИТ-компетентности как основа подготовки будущих специалистов-статистиков (специальность 13.00.02 – теория и методика обучения и воспитания (информатика, информатизация образования)) – Алматы, 2010.",Алматы,,,13.00.02 теория и методика обучения и воспитания (информатика
mn20250921012,,,13.00.02,теория и методика обучения и воспитания (информатика)) – Москва,,,Бидайбеков Есен Ыкласович,,,,,,,,,2012,,,,,,,,,,,,,Алдияров К.Т.,доктор,,,"Интеграция обучения информатике и общетехническим дисциплинам в системе технического и профессионального образования в Республике Казахстан(специальность 13.00.02 – теория и методика обучения и воспитания (информатика)) – Москва, 2012.",Москва,,,13.00.02 теория и методика обучения и воспитания (информатика)) – Москва
mn20250921013,,,,,,,Бидайбеков Есен Ыкласович,,,,,,,,,2013,,,,,,,,,,,,,Шармуханбет С.Р.,PhD,,,"Методические основы подготовки педагогов к использованию приборов с удаленным доступом и виртуальных приборов как средства информатизации образования (на примере подготовки преподавателей физики) по специальности 6D011100 – Информатика. – Алматы, 2013.",Алматы,,,
mn20250921014,,,,,,,Бидайбеков Есен Ыкласович,,,,,,,,,2018,,,,,,,,,,,,,Әкімжан Н.Ш.,PhD,,,"Совершенствование математической подготовки студентов посредством обучения решению обратных и некорректных задач в педагогическом вузе (специальность 6D010900-Математика). – Алматы, 2018.",Алматы,,,
mn20250921015,,,,,,,Бидайбеков Есен Ыкласович,,,,,,,,,2018,,,,,,,,,,,,,Аккасынова Ж.К.,PhD,,,"Совершенствование профессиональной подготовки учителя информатики на основе международной кластерной модели обучения (специальность 6D011100-Информатика). –Алматы, 2018.",Алматы,,,
mn20250921016,,,,,,,Бидайбеков Есен Ыкласович,,,,,,,,,2019,,,,,,,,,,,,,Байдрахманова Г.А.,PhD,,,"Обучение компьютерной графике будущих учителей информатики в условиях фундаментализации образования (специальность 6D011100-Информатика). –Алматы, 2019.",Алматы,,,
mn20250921017,,,05.13.10,применение вычислительной техники,,,Бидайбеков Есен Ыкласович,,,,,,,,,1992,,,,,,,,,,,,,Смагулов Е.Ж.,кандидат,,,"Математическое моделирование магнитотеллурических полей в анизотропных средах (специальность 05.13.10 – применение вычислительной техники, математического моделирования и математических методов в научных исследованиях).– Алматы, 1992.",Алматы,,,05.13.10 применение вычислительной техники
mn20250921019,,,08.00.13,экономико-математические методы),,,Бидайбеков Есен Ыкласович,,,,,,,,,1998,,,,,,,,,,,,,Биярова А.А.,кандидат,,,"Макромоделирование национальной экономики с учетом научно-технического прогресса (специальность 08.00.13 – экономико-математические методы). – Алматы, 1998.",Алматы,,,08.00.13 экономико-математические методы)
mn20250921020,,,13.00.00,,,,Бидайбеков Есен Ыкласович,,,,,,,,,1999,,,,,,,,,,,,,Хакимова Т.,кандидат,,,"Методические  и содержательные аспекты использования структурного подхода при изучении языков программирования студентами-математиками(специальность 13.00.00.02 – теория и методика обучения математике; 13.00.02 – теория и методика обучения информатике).– Алматы, 1999.",Алматы,,,13.00.00
mn20250921021,,,13.00.00,,,,Бидайбеков Есен Ыкласович,,,,,,,,,1999,,,,,,,,,,,,,Кожахметов С.Т.,кандидат,,,"Математико-методическое обеспечение обучения программированию на основе объектно-ориентированного подхода при подготовке специалистов по информатике (специальность 13.00.00.02 – теория и методика обучения математике; 13.00.02 – теория и методика обучения информатике). –Алматы, 1999.",Алматы,,,13.00.00
mn20250921022,,,13.00.00,,,,Бидайбеков Есен Ыкласович,,,,,,,,,1999,,,,,,,,,,,,,Нурбекова Ж.К.,кандидат,,,"Развитие системы вероятностно – статистической подготовки учащихся основной школы в условиях информатизации образования. (специальность 13.00.00.02 – теория и методика обучения математике; 13.00.02 – теория и методика обучения информатике). – Алматы, 1999.",Алматы,,,13.00.00
mn20250921023,,,13.00.02,математиканы оқытудың теориясы мен әдістемесі),,,Бидайбеков Есен Ыкласович,,,,,,,,,1999,,,,,,,,,,,,,Талпақов Н.Ә.,кандидат,,,"Математикалық логика элементтері мен логикалық бағдарламалауды мектеп информатика курсында оқыту әдістемесі (13.00.02 – математиканы оқытудың теориясы мен әдістемесі).– Алматы, 1999.",Алматы,,,13.00.02 математиканы оқытудың теориясы мен әдістемесі)
mn20250921024,,,01.01.02,дифференциальные уравнения),,,Бидайбеков Есен Ыкласович,,,,,,,,,2001,,,,,,,,,,,,,Камалова Г.Б.,кандидат,,,"Обратные задачи электродинамики, связанные с падением плоских волн (специальность 01.01.02 – дифференциальные уравнения).– Алматы, 2001.",Алматы,,,01.01.02 дифференциальные уравнения)
mn20250921025,,,13.00.02,теория и методика обучения математике,,,Бидайбеков Есен Ыкласович,,,,,,,,,2001,,,,,,,,,,,,,Усенов С.С.,кандидат,,,"Методика формирования понятийной базы общеобразовательных курсов информатики и математики (специальность 13.00.02 – теория и методика обучения математике; 13.00.02 – теория и методика обучения информатике). – Алматы, 2001.",Алматы,,,13.00.02 теория и методика обучения математике
mn20250921026,,,13.00.02,теория и методика обучения  и воспитания (информатика)),,,Бидайбеков Есен Ыкласович,,,,,,,,,2002,,,,,,,,,,,,,Рахимжанова Л.Б.,кандидат,,,"Формирование представлений методологии математического моделирования и вычислительного эксперимента (специальность 13.00.02 –теория и методика обучения  и воспитания (информатика)). – Алматы, 2002.",Алматы,,,13.00.02 теория и методика обучения  и воспитания (информатика))
mn20250921027,,,13.00.02,,,,Бидайбеков Есен Ыкласович,,,,,,,,,2002,,,,,,,,,,,,,Нурмуханбетова Г.К.,кандидат,,,"Информатика пәнін оқыту барысында студентердің өзіндік жұмысын ұйымдастыру әдістемесін жетілдіру (13.00.02.– теория и методика обучения и воспитания (информатика)).– Алматы, 2002.",Алматы,,,13.00.02
mn20250921028,,,13.00.02,,,,Бидайбеков Есен Ыкласович,,,,,,,,,2003,,,,,,,,,,,,,Шекербекова Ш.Т.,кандидат,,,"Гуманитарлық бағыттағы жоғарғы сынап оқушыларына «мәліметтер қоры және оның қолданылуы» курсын оқыту әдістемесі (13.00.02.– теория и методика обучения и воспитания (информатика)).– Алматы, 2003.",Алматы,,,13.00.02
mn20250921029,,,13.00.02,теория и методика обучения и воспитания (информатика)),,,Бидайбеков Есен Ыкласович,,,,,,,,,2003,,,,,,,,,,,,,Ажибекова Ж.Ж.,кандидат,,,"Методика изучения способов представления  информации в курсе информатики в медицинских вузах (специальность 13.00.02 – теория и методика обучения и воспитания (информатика)). – Алматы, 2003.",Алматы,,,13.00.02 теория и методика обучения и воспитания (информатика))
mn20250921030,,,05.13.18,математическое моделирование,,,Бидайбеков Есен Ыкласович,,,,,,,,,2003,,,,,,,,,,,,,Акжалова А.Ж.,кандидат,,,"Восстановление параметров математических моделей процессов вытеснения нефти (специальность 05.13.18 – математическое моделирование, численные методы и комплекс программ). – Алматы, 2003.",Алматы,,,05.13.18 математическое моделирование
mn20250921031,,,13.00.02,теория и методика обучения  и воспитания (информатика)),,,Бидайбеков Есен Ыкласович,,,,,,,,,2003,,,,,,,,,,,,,Абдулкаримова Г.А.,кандидат,,,"Методическая подготовка студентов университета к использованию средств информатики в начальной школе (специальность 13.00.02 – теория и методика обучения  и воспитания (информатика)). – Алматы, 2003.",Алматы,,,13.00.02 теория и методика обучения  и воспитания (информатика))
mn20250921032,,,13.00.02,теория и методика обучения  и воспитания (информатика)),,,Бидайбеков Есен Ыкласович,,,,,,,,,2004,,,,,,,,,,,,,Сагимбаева А.Е.,кандидат,,,"Информатиканы оқыту барысында оқушылардың білімін бақылау әдістемесі (специальность 13.00.02 – теория и методика обучения  и воспитания (информатика)).– Алматы, 2004.",Алматы,,,13.00.02 теория и методика обучения  и воспитания (информатика))
mn20250921033,,,13.00.02,теория и методика обучения и воспитания (информатика)),,,Бидайбеков Есен Ыкласович,,,,,,,,,2004,,,,,,,,,,,,,Конева С.Н.,кандидат,,,"Развитие системы обучения информатике с использованием Интранет-технологий (специальность 13.00.02 – теория и методика обучения и воспитания (информатика)).– Алматы, 2004.",Алматы,,,13.00.02 теория и методика обучения и воспитания (информатика))
mn20250921034,,,13.00.02,теория и методика обучения  и воспитания (информатика)),,,Бидайбеков Есен Ыкласович,,,,,,,,,2004,,,,,,,,,,,,,Орынбаева Ж.Р.,кандидат,,,"Профильная дифференциация обучения информатике в системе среднего профессионального образования (специальность 13.00.02 – теория и методика обучения  и воспитания (информатика)).– Алматы, 2004.",Алматы,,,13.00.02 теория и методика обучения  и воспитания (информатика))
mn20250921035,,,13.00.02,оқыту және тәрбиелеу теориясы мен әдістемесі (математика)),,,Бидайбеков Есен Ыкласович,,,,,,,,,2004,,,,,,,,,,,,,Нұрбеков Б.Ж.,кандидат,,,"Гуманитарлық бағдарлы мектепте ықтималдықтар теориясы мен математикалық статистика элементтерін оқытудың әдістемелік ерекшеліктері(13.00.02 – оқыту және тәрбиелеу теориясы мен әдістемесі (математика)).– Алматы, 2004.",Алматы,,,13.00.02 оқыту және тәрбиелеу теориясы мен әдістемесі (математика))
mn20250921036,,,13.00.02,оқыту және тәрбиелеу теориясы мен әдістемесі (физика)),,,Бидайбеков Есен Ыкласович,,,,,,,,,2004,,,,,,,,,,,,,Абдыкеримова Э.А.,кандидат,,,"Компьютерлік модельдеудің негізінде мектеп физикасын оқытудың әдістемесі (13.00.02 – оқыту және тәрбиелеу теориясы мен әдістемесі (физика)). – Алматы, 2004.",Алматы,,,13.00.02 оқыту және тәрбиелеу теориясы мен әдістемесі (физика))
mn20250921037,,,13.00.02,теория и методика обучения  и воспитания (информатика)),,,Бидайбеков Есен Ыкласович,,,,,,,,,2007,,,,,,,,,,,,,Аймукатов А.Т.,кандидат,,,"Методика обучения компьютерной графике и геометрическому моделированию в курсе информатики политехнического колледжа (специальность 13.00.02 – теория и методика обучения  и воспитания (информатика)).– Алматы, 2007",Алматы,,,13.00.02 теория и методика обучения  и воспитания (информатика))
mn20250921038,,,13.00.02,теория и методика обучения  и воспитания (информатика)),,,Бидайбеков Есен Ыкласович,,,,,,,,,2007,,,,,,,,,,,,,Ибашова А.Б.,кандидат,,,"Методические основы обучения информатике учащихся первых двух лет начальной школы (специальность 13.00.02 – теория и методика обучения  и воспитания (информатика)).– Алматы, 2007",Алматы,,,13.00.02 теория и методика обучения  и воспитания (информатика))
mn20250921039,,,13.00.02,теория и методика обучения и воспитания (информатика)),,,Бидайбеков Есен Ыкласович,,,,,,,,,2007,,,,,,,,,,,,,Омарова С.А.,кандидат,,,"Методика обучения курсу информатики экономической ориентации на основе использования системы упражнений и задач (специальность 13.00.02 – теория и методика обучения и воспитания (информатика)).– Алматы, 2007",Алматы,,,13.00.02 теория и методика обучения и воспитания (информатика))
mn20250921040,,,13.00.02,теория и методика обучения и воспитания (информатика,,,Бидайбеков Есен Ыкласович,,,,,,,,,2008,,,,,,,,,,,,,Дамекова С.К.,кандидат,,,"Совершенствование методики обучения будущих учителей информатики основам телекоммуникационных сетей с применением образовательного сайта (специальность 13.00.02 – теория и методика обучения и воспитания (информатика, информатизация системы образования)).– Алматы, 2008",Алматы,,,13.00.02 теория и методика обучения и воспитания (информатика
mn20250921041,,,13.00.02,теория и методика обучения и воспитания (информатика,,,Бидайбеков Есен Ыкласович,,,,,,,,,2009,,,,,,,,,,,,,Нугманова С.А.,кандидат,,,"Обучение теории параллельных вычислений будущих учителей информатики на основе системы упражнений и задач (специальность 13.00.02 – теория и методика обучения и воспитания (информатика, информатизация образования)).– Алматы, 2009.",Алматы,,,13.00.02 теория и методика обучения и воспитания (информатика
mn20250921042,,,13.00.02,информатиканы оқытудың теориясы мен әдістемесі (информатика),,,Бидайбеков Есен Ыкласович,,,,,,,,,2009,,,,,,,,,,,,,Кошанова Г.Д.,кандидат,,,"Болашақ экономика саласы мамандарын информатикалық пәндерді білімді ақпараттандыру жағдайында оқытудың әдістемелік негіздері (13.00.02 – информатиканы оқытудың теориясы мен әдістемесі (информатика). – Алматы, 2009.",Алматы,,,13.00.02 информатиканы оқытудың теориясы мен әдістемесі (информатика)
mn20250921043,,,13.00.02,теория и методика обучения и воспитания (информатика,,,Бидайбеков Есен Ыкласович,,,,,,,,,2009,,,,,,,,,,,,,Турганбева А.Р.,кандидат,,,"Формирование профессиональной компетентности будущих учителей информатики на основе е-портфолио (специальность 13.00.02 – теория и методика обучения и воспитания (информатика, информатизация образования)). – Алматы, 2009.",Алматы,,,13.00.02 теория и методика обучения и воспитания (информатика
mn20250921044,,,13.00.02,информатиканы оқытудың теориясы мен әдістемесі (информатика)),,,Бидайбеков Есен Ыкласович,,,,,,,,,2009,,,,,,,,,,,,,Бостанов Б.Г.,кандидат,,,"Болашақ информатика мұғалімдеріне электрондық оқыту құралдарын жасау мен пайдалануды оқытудың әдістемелік негіздері (13.00.02 – информатиканы оқытудың теориясы мен әдістемесі (информатика)). – Алматы, 2009",Алматы,,,13.00.02 информатиканы оқытудың теориясы мен әдістемесі (информатика))
mn20250921045,,,13.00.02,теория и методика обучения и воспитания (информатика,,,Бидайбеков Есен Ыкласович,,,,,,,,,2009,,,,,,,,,,,,,Закирова А.Б.,кандидат,,,"Методика разработки и использования электронных лабораторных работ по численным методам в подготовке будущих учителей информатики(специальность 13.00.02 – теория и методика обучения и воспитания (информатика, информатизация образования)). – Алматы, 2009",Алматы,,,13.00.02 теория и методика обучения и воспитания (информатика
mn20250921046,,,13.00.02,теория и методика обучения и воспитания (информатика,,,Бидайбеков Есен Ыкласович,,,,,,,,,2010,,,,,,,,,,,,,Скабаева Г.,кандидат,,,"Электронный учебник как средство повышения эффективности обучения при подготовке будущих специалистов профессионального обучения (на примере курса «Сельскохозяйственные машины») (специальность 13.00.02 – теория и методика обучения и воспитания (информатика, информатизация образования)). –Астана, 2010",Астана,,,13.00.02 теория и методика обучения и воспитания (информатика
mn20250921047,,,13.00.02,теория и методика обучения и воспитания (информатика,,,Бидайбеков Есен Ыкласович,,,,,,,,,2010,,,,,,,,,,,,,Тукенова Н.Е.,кандидат,,,"Использование мультимедиа в обучении основам баз данных при подготовке студентов по специальности «Информационные системы(специальность 13.00.02 – теория и методика обучения и воспитания (информатика, информатизация образования)).–Алматы, 2010.",Алматы,,,13.00.02 теория и методика обучения и воспитания (информатика
mn20250921048,,,13.00.02,Информатика,,,Григорьев Сергей Георгиевич,,,,,,,,,1999,,,,,,,,,,,,,Козлов Олег Александрович,доктор,,,Развитие методической системы обучения информатике курсантов военно-учебных заведений Министерства Обороны Российской Федерации,,,,13.00.02 Информатика
mn20250921049,,,13.00.08,,,,Козлов Олег Александрович,,,,,,,,,2006,,,,,,,,,,,,,Поляков Виктор Павлович,доктор,,,Методическая система обучения информационной безопасности студентов вузов,,,,13.00.08
mn20250921050,,,13.00.02,,,,Козлов Олег Александрович,,,,,,,,,,,,,,,,,,,,,,Рудинский Игорь Давидович,доктор,,,"Подготовка специалистов в области формально-структурного описания, исследования и организации педагогического тестирования знаний : На примере специальности ""Прикладная информатика в образовании""",,,,13.00.02
mn20250921051,,,13.00.08,,,,Рудинский Игорь Давидович,,,,,,,,,2012,,,,,,,,,,,,,Мартыненков Владислав Владиславович,кандидат,,,"Проектирование профессионально ориентированных обучающих комплексов в системе дополнительного профессионального образования, 13.00.08, Калининград, 2012 г.",Калининград,,,13.00.08
mn20250921052,,,13.00.02,,,,Рудинский Игорь Давидович,,,,,,,,,2008,,,,,,,,,,,,,Заболотнова Елена Юрьевна,кандидат,,,"Методические подходы к использованию географического информационного образовательного ресурса и к разработке авторских приложений учебного назначения: на примере обучения студентов и повышения квалификации учителей географии, 13.00.02, Москва, 2008 г.",Москва,,,13.00.02
mn20250921053,,,13.00.08,,,,Рудинский Игорь Давидович,,,,,,,,,2011,,,,,,,,,,,,,Иванова Ольга Викторовна,кандидат,,,"Проектирование системы оценивания профессиональных компетенций преподавателей и руководителей образовательных учреждений, 13.00.08, Калининград, 2011 г.",Калининград,,,13.00.08
mn20250921054,,,5.8.7,,,,Рудинский Игорь Давидович,,,,,,,,,2022,,,,,,,,,,,,,Абдулхамид	Таджудин,кандидат,,,"Формирование англоязычных коммуникативных умений студентов мореходных специальностей средствами технологии автоматического распознавания речи, 5.8.7, Калининград, 2022 г.",Калининград,,,5.8.7
mn20250921055,,,13.00.02,,,,Козлов Олег Александрович,,,,,,,,,,,,,,,,,,,,,,Поличка Анатолий Егорович,доктор,,,Научно-методическое обеспечение и организация многоуровневой подготовки кадров информатизации региональной системы общего образования : на примере Дальневосточного федерального округа 13.00.02,,,,13.00.02
mn20250921056,,,13.00.02,,,,Козлов Олег Александрович,,,,,,,,,2000,,,,,,,,,,,,,Новикова Ирина Сергеевна,кандидат,,,"Совершенствование методики преподавания раздела ""линейные дифференциальные уравнения с постоянными коэффициентами"" в системе профессиональной подготовки специалистов для вооруженных сил, 13.00.02, Москва, 2000 г.",Москва,,,13.00.02
mn20250921057,,,13.00.02,,,,Козлов Олег Александрович,,,,,,,,,2000,,,,,,,,,,,,,Корнеев Николай Степанович,кандидат,,,"Профильная подготовка учащихся кадетских классов в области информатики и информационных технологий, 13.00.02, Москва, 2000 г.",Москва,,,13.00.02
mn20250921058,,,5.8.2,,,,Козлов Олег Александрович,,,,,,,,,2024,,,,,,,,,,,,,Емельянов Андрей Дмитриевич,кандидат,,,"Научно-методические подходы к разработке и использованию цифрового адаптивного ресурса при информационном взаимодействии в изменяющихся условиях (на примере обучения инженеров-специалистов по эксплуатации сложных технических систем), 5.8.2., Москва, 2024 г.",Москва,,,5.8.2
mn20250921059,,,13.00.08,,,,Козлов Олег Александрович,,,,,,,,,2012,,,,,,,,,,,,,Блохин Дмитрий Юрьевич,кандидат,,,"Формирование профессиональной компетентности курсантов военного вуза - будущих офицеров РВСИ, 13.00.08, Шуя, 2012 г.",Шуя,,,13.00.08
mn20250921060,,,13.00.08,,,,Козлов Олег Александрович,,,,,,,,,2005,,,,,,,,,,,,,Алферов Алексей Михайлович,кандидат,,,"Формирование готовности военных инженеров к профессиональной деятельности, 13.00.08, Нижний Новгород, 2005 г.",Нижний Новгород,,,13.00.08
mn20250921061,,,13.00.02,,,,Козлов Олег Александрович,,,,,,,,,2005,,,,,,,,,,,,,Кунсбаев Сайфутдин Зайнетдинович,кандидат,,,"Методические подходы к интеграции базового и дополнительного информационно-педагогического образования специалистов в техническом колледже, 13.00.02, Нижний Новгород, 2005 г.",Нижний Новгород,,,13.00.02
mn20250921062,,,13.00.08,,,,Козлов Олег Александрович,,,,,,,,,2008,,,,,,,,,,,,,Кириллова Анна Валентиновна,кандидат,,,"Формирование профессиональной готовности студентов технического вуза к работе с иноязычными информационными системами, 13.00.08, Нижний Новгород, 2008 г.",Нижний Новгород,,,13.00.08
mn20250921063,,,13.00.02,,,,Козлов Олег Александрович,,,,,,,,,2008,,,,,,,,,,,,,Паластина Ирина Петровна,кандидат,,,"Разработка и использование программно-методического комплекса поддержки принятия управленческих решений : : на примере обучения менеджеров гостиничного бизнеса, 13.00.02, Москва, 2008 г.",Москва,,,13.00.02
mn20250921064,,,13.00.02,,,,Козлов Олег Александрович,,,,,,,,,2006,,,,,,,,,,,,,Кобиашвили Нана Александровна,кандидат,,,"Информационно-образовательная среда вуза как условие успешного обучения информатике студентов : : На примере подготовки менеджеров, 13.00.02, Нижний Новгород, 2006 г.",Нижний Новгород,,,13.00.02
mn20250921065,,,13.00.02,,,,Козлов Олег Александрович,,,,,,,,,2006,,,,,,,,,,,,,Лилье Мария Владимировна,кандидат,,,"Организация обучения студентов-технологов средствами информационных технологий, 13.00.02, Нижний Новгород, 2006 г.",Нижний Новгород,,,13.00.02
mn20250921066,,,13.00.08,,,,Козлов Олег Александрович,,,,,,,,,2007,,,,,,,,,,,,,Аксянов Руслан Ильзарович,кандидат,,,"Педагогические условия социального партнерства образовательного учреждения и производства при обучении студентов в вузе, 13.00.08, Нижний Новгород, 2007 г.",Нижний Новгород,,,13.00.08
mn20250921067,,,13.00.08,,,,Козлов Олег Александрович,,,,,,,,,2007,,,,,,,,,,,,,Меховников Вячеслав Юрьевич,кандидат,,,"Моделирование профессиональной подготовки курсантов в военном вузе, 13.00.08, Нижний Новгород, 2007 г.",Нижний Новгород,,,13.00.08
mn20250921068,,,5.8.7,,,,Козлов Олег Александрович,,,,,,,,,2022,,,,,,,,,,,,,Еськина Оксана Анатольевна,кандидат,,,"Методические подходы к формированию межкультурной коммуникативной компетенции курсантов военных технических вузов, 5.8.7, Москва, 2022 г.",Москва,,,5.8.7
mn20250921069,,,13.00.08,,,,Козлов Олег Александрович,,,,,,,,,2009,,,,,,,,,,,,,Голобородова Виктория Анатольевна,кандидат,,,"Формирование коммуникативной культуры будущих радиожурналистов, 13.00.08, Шуя, 2009 г.",Шуя,,,13.00.08
mn20250921070,,,13.00.08,,,,Козлов Олег Александрович,,,,,,,,,2009,,,,,,,,,,,,,Захаров Игорь Александрович,кандидат,,,"Формирование профессионально-правовой компетентности будущих офицеров в военном вузе, 13.00.08, Нижний Новгород, 2009 г.",Нижний Новгород,,,13.00.08
mn20250921071,,,13.00.02,Информатика,,,Григорьев Сергей Георгиевич,,,,,,,,,2000,,,,,,,,,,,,,Гейн Александр Георгиевич,доктор,,,Изучение информационного моделирования как средство реализации межпредметных связей информатики с дисциплинами естественнонаучного цикла,,,,13.00.02 Информатика
mn20250921072,,,,,,,Гейн Александр Георгиевич,,,,,,,,,2006,,,,,,,,,,,,,Сеногноева Наталия Анатольевна,доктор,,,Технология конструирования тестов учебной деятельности как средства оценивания результатов обучения,,,,
mn20250921073,,,,,,,Гейн Александр Георгиевич,,,,,,,,,2007,,,,,,,,,,,,,Вязовова Елена Владимировна,кандидат,,,Формирование когнитивной компетентности у учащихся на основе альтернативного выбора учебных действий: на примере обучения математике	2007,,,,
mn20250921074,,,,,,,Гейн Александр Георгиевич,,,,,,,,,2012,,,,,,,,,,,,,Папуловская Наталья Владимировна,кандидат,,,Формирование социально-профессиональных компетенций для полипрофессионального взаимодействия у будущих разработчиков программных продуктов	2012,,,,
mn20250921075,,,,,,,Гейн Александр Георгиевич,,,,,,,,,2018,,,,,,,,,,,,,Журавлев Иван Александрович,кандидат,,,Развитие универсальных учебных действий школьников при обучении математике на основе принципа наглядности	2018,,,,
mn20250921076,,,,,,,Гейн Александр Георгиевич,,,,,,,,,2006,,,,,,,,,,,,,Ситникова Жанна Юрьевна,кандидат,,,"Системно-уровневый подход в преподавании курса ""музыкальная информатика""	2006",,,,
mn20250921077,,,,,,,Гейн Александр Георгиевич,,,,,,,,,2010,,,,,,,,,,,,,Кокшарова Елена Александровна,кандидат,,,Научно-методические подходы к автоматизации оценки качества обучающих тестов (на примере обучения учителей математики)	2010,,,,
mn20250921078,,,13.00.02,Информатизация образования,,,Григорьев Сергей Георгиевич,,,,,,,,,2003,,,,,,,,,,,,,Макаров Сергей Иванович,доктор,,,Методические основы создания и применения образовательных электронных изданий : на примере курса математики,,,,13.00.02 Информатизация образования
mn20250921079,,,08.00.05,Экономика и управление народным хозяйством (по отраслям и сферам деятельности,,,Макаров Сергей Иванович,,,,,,,,,2007,,,,,,,,,,,,,Курганова Мария Владимировна,кандидат,,,Развитие услуг предприятий телерадиовещания,,,,08.00.05 Экономика и управление народным хозяйством (по отраслям и сферам деятельности
mn20250921080,,,13.00.08,Теория и методика профессионального образования,,,Макаров Сергей Иванович,,,,,,,,,2006,,,,,,,,,,,,,Севастьянова Светлана Александровна,кандидат,,,Формирование профессиональных математических компетенций у студентов экономических вузов,,,,13.00.08 Теория и методика профессионального образования
mn20250921081,,,13.00.08,Теория и методика профессионального образования,,,Макаров Сергей Иванович,,,,,,,,,2006,,,,,,,,,,,,,Пустобаева Ольга Николаевна,кандидат,,,Формирование математической культуры экономистов расширением дидактических возможностей электронных учебников,,,,13.00.08 Теория и методика профессионального образования
mn20250921082,,,13.00.08,Теория и методика профессионального образования,,,Макаров Сергей Иванович,,,,,,,,,2007,,,,,,,,,,,,,Панцева Елена Юрьевна,кандидат,,,Формирование профессиональных математических компетенций укурсантов военных авиационных училищ с использованием электронных образовательных ресурсов,,,,13.00.08 Теория и методика профессионального образования
mn20250921083,,,13.00.08,Теория и методика профессионального образования,,,Макаров Сергей Иванович,,,,,,,,,2007,,,,,,,,,,,,,Щеглов Геннадий Николаевич,кандидат,,,Щеглов Геннадий Николаевич	Проектирование и технология реализации электронного учебно-методического комплекса при переподготовке военнослужащих,,,,13.00.08 Теория и методика профессионального образования
mn20250921084,,,13.00.02,Информатика,,,Григорьев Сергей Георгиевич,,,,,,,,,2003,,,,,,,,,,,,,Кувалдина Татьяна Александровна,доктор,,,Систематизация понятий курса информатики на основе методов искусственного интеллекта,,,,13.00.02 Информатика
mn20250921085,,,13.00.02,Информатизация образования,,,Григорьев Сергей Георгиевич,,,,,,,,,2004,,,,,,,,,,,,,Гриншкун Вадим Валерьевич,доктор,,,Развитие интегративных подходов к созданию средств информатизации образования,,,,13.00.02 Информатизация образования
mn20250921086,,,,,,,Гриншкун Вадим Валерьевич,,,,,,,,,2008,,,,,,,,,,,,,Заславская Ольга Юрьевна,доктор,,,Развитие управленческой компетентности учителя в системе многоуровневой подготовки в области методики обучения информатике,"Развитие управленческой компетентности учителя в системе многоуровневой подготовки в области методики обучения информатике 
Москва",,,
mn20250921087,,,13.00.02,(информатика),,,Заславская Ольга Юрьевна,,,,,,,,,2007,,,,,,,,,,,,,Щербачёва Людмила Федоровна,кандидат,,,Методическая система обучения профессионально-ориентированному курсу информатики студентов юридической специальности в вузе 13.00.02 (информатика),,,,13.00.02 (информатика)
mn20250921088,,,13.00.02,(информатика),,,Заславская Ольга Юрьевна,,,,,,,,,2011,,,,,,,,,,,,,Григорьева Марина Александровна,кандидат,,,Деятельностный подход в обучении школьников информатике с использованием мобильных компьютерных систем 13.00.02 (информатика),,,,13.00.02 (информатика)
mn20250921089,,,13.00.02,(информатика),,,Заславская Ольга Юрьевна,,,,,,,,,2013,,,,,,,,,,,,,Жемчужников Дмитрий Григорьевич,кандидат,,,"Методика обучения программированию, основанная на создании школьниками динамических компьютерных игр 13.00.02 (информатика)",,,,13.00.02 (информатика)
mn20250921090,,,13.00.08,,,,Заславская Ольга Юрьевна,,,,,,,,,2015,,,,,,,,,,,,,Щучка Татьяна Александровна,кандидат,,,"Формирование управленческой компетентности будущего информатика-экономиста в вузе, 13.00.08, Елец, 2015 г.",Елец,,,13.00.08
mn20250921091,,,13.00.02,Москва,,,Гриншкун Вадим Валерьевич,,,,,,,,,2009,,,,,,,,,,,,,Левченко Ирина Витальевна,доктор,,,Развитие системы методической подготовки учителей информатики в условиях фундаментализации образования,"Развитие системы методической подготовки учителей информатики в условиях фундаментализации образования 
13.00.02  Москва",,,13.00.02 Москва
mn20250921092,,,,,,,Левченко Ирина Витальевна,,,,,,,,,2009,,,,,,,,,,,,,Лагашина Наталья Ивановна,кандидат,,,"Разработка элективных курсов по информатике, направленных на формирование профессионального самоопределения учащихся старших классов филологического профиля.",,,,
mn20250921093,,,,,,,Левченко Ирина Витальевна,,,,,,,,,2009,,,,,,,,,,,,,Карташова Людмила Игоревна,кандидат,,,Развитие познавательной мотивации старшеклассников при обучении информатике на основе решения задач межпредметного характера.,,,,
mn20250921094,,,,,,,Левченко Ирина Витальевна,,,,,,,,,2018,,,,,,,,,,,,,Гриншкун Александр Вадимович,кандидат,,,Технология дополненной реальности как объект изучения и средство обучения в курсе информатики основной школы.,,,,
mn20250921095,,,5.8.2,,,,Левченко Ирина Витальевна,,,,,,,,,2023,,,,,,,,,,,,,Меренкова Полина Алексеевна,кандидат,,,"Вариативное обучение системам искусственного интеллекта в рамках учебного предмета «Информатика» основной школы, 5.8.2, Москва, 2023 г.",Москва,,,5.8.2
mn20250921096,,,13.00.02,,,,Гриншкун Вадим Валерьевич,,,,,,,,,2005,,,,,,,,,,,,,Цуканов Михаил Владимирович,кандидат,,,"Совершенствование системы обучения курсу ""Компьютерные коммуникации и сети"" на основе применения мультиагентных технологий",Курск,,,13.00.02
mn20250921097,,,13.00.02,Курск,,,Гриншкун Вадим Валерьевич,,,,,,,,,2006,,,,,,,,,,,,,Телегин Антон Александрович,кандидат,,,Совершенствование методической системы обучения учителей разработке образовательных электронных ресурсов по информатике,"Совершенствование методической системы обучения учителей разработке образовательных электронных ресурсов по информатике 
13.00.02 Курск",,,13.00.02 Курск
mn20250921098,,,13.00.02,,,,Гриншкун Вадим Валерьевич,,,,,,,,,2007,,,,,,,,,,,,,Пикалов Иван Юрьевич,кандидат,,,"Обучение сетевым моделям в курсе ""информационные технологии управления"" при подготовке студентов по специальности ""менеджмент организации""",Курск,,,13.00.02
mn20250921099,,,13.00.02,Москва,,,Гриншкун Вадим Валерьевич,,,,,,,,,2009,,,,,,,,,,,,,Горюшкин Евгений Игоревич,кандидат,,,Использование нейросетевых технологий в адаптивном тестировании по информатике в вузе,"Использование нейросетевых технологий в адаптивном тестировании по информатике в вузе 
13.00.02 Москва",,,13.00.02 Москва
mn20250921100,,,,,,,Гриншкун Вадим Валерьевич,,,,,,,,,2009,,,,,,,,,,,,,Баженова Светлана Анатольевна,кандидат,,,Использование образовательных электронных ресурсов при обучении информатике будущих социальных педагогов в педагогическом колледже,"Использование образовательных электронных ресурсов при обучении информатике будущих социальных педагогов в педагогическом колледже 
Москва",,,
mn20250921101,,,13.00.02,,,,Гриншкун Вадим Валерьевич,,,,,,,,,2011,,,,,,,,,,,,,Константинян Тигран Каренович,кандидат,,,"Система обучения информатике будущих учителей химии и биологии, основанная на использовании технологии графического программирования",Москва,,,13.00.02
mn20250921102,,,13.00.02,,,,Гриншкун Вадим Валерьевич,,,,,,,,,2013,,,,,,,,,,,,,Димов Евгений Дмитриевич,кандидат,,,Методика обучения студентов вузов технологиям защиты информации в условиях фундаментализации образования,"Методика обучения студентов вузов технологиям защиты информации в условиях фундаментализации образования 
13.00.02 
Москва",,,13.00.02
mn20250921103,,,13.00.02,,,,Гриншкун Вадим Валерьевич,,,,,,,,,2011,,,,,,,,,,,,,Еськова Ирина Евгеньевна,кандидат,,,Система профессионально-ориентированной подготовки по информатике в образовательных учреждениях Министерства Внутренних Дел Российской Федерации,"Система профессионально-ориентированной подготовки по информатике в образовательных учреждениях Министерства Внутренних Дел Российской Федерации 
13.00.02 
Москва",,,13.00.02
mn20250921104,,,13.00.02,,,,Гриншкун Вадим Валерьевич,,,,,,,,,2014,,,,,,,,,,,,,Заславский Алексей Андреевич,кандидат,,,"Методика дифференцированного обучения информатике в системе среднего профессионального образования, основанная на использовании телекоммуникационной базы учебных материалов",Москва,,,13.00.02
mn20250921105,,,13.00.02,,,,Гриншкун Вадим Валерьевич,,,,,,,,,2016,,,,,,,,,,,,,Салихов Сергей Валерьевич,кандидат,,,Использование дистанционных технологий и моделей программно-аппаратных комплексов для повышения квалификации пограничников в области информатики,"Использование дистанционных технологий и моделей программно-аппаратных комплексов для повышения квалификации пограничников в области информатики
13.00.02 
Москва",,,13.00.02
mn20250921106,,,13.00.02,,,,Гриншкун Вадим Валерьевич,,,,,,,,,2017,,,,,,,,,,,,,Итинсон Кристина Сергеевна,кандидат,,,Информатизация обучения русскому языку иностранных студентов-медиков как основа для их подготовки к клинической практике в лечебных учреждениях,"Информатизация обучения русскому языку иностранных студентов-медиков как основа для их подготовки к клинической практике в лечебных учреждениях 
13.00.02 
Москва",,,13.00.02
mn20250921107,,,13.00.02,13,,,Гриншкун Вадим Валерьевич,,,,,,,,,2020,,,,,,,,,,,,,Шунина Любовь Андреевна,кандидат,,,Использование облачных технологий в совместной работе преподавателей вуза как основа интегрированной подготовки учителей для школ Международного бакалавриата,Москва,,,13.00.02 13
mn20250921108,,,5.8.2,,,,Гриншкун Вадим Валерьевич,,,,,,,,,2023,,,,,,,,,,,,,Факова Марина Олеговна,кандидат,,,"Использование информационных технологий для кластерной региональной дифференциации обучения студентов в системе трансграничного образования, 5.8.2, Москва, 2023 г.",Москва,,,5.8.2
mn20250921109,,,13.00.02,,,,Гриншкун Вадим Валерьевич,,,,,,,,,2009,,,,,,,,,,,,,Гранкин Валерий Егорович,кандидат,,,"Обучение информатике студентов социологических факультетов вузов с использованием метода проектирования социологического исследования, 13.00.02, Москва, 2009 г.",Москва,,,13.00.02
mn20250921110,,,13.00.02,Информатика,,,Григорьев Сергей Георгиевич,,,,,,,,,2004,,,,,,,,,,,,,Жужжалов Валерий Евгеньевич,доктор,,,Совершенствование содержания обучения программированию на основе интеграции парадигм программирования,,,,13.00.02 Информатика
mn20250921111,,,13.00.02,,,,Жужжалов Валерий Евгеньевич,,,,,,,,,2008,,,,,,,,,,,,,Ибраев Рустам Рамазанович,кандидат,,,"Развитие методической системы обучения информатике студентов инженерных специальностей на основе объектно-ориентированного подхода к программированию, 13.00.02, Москва, 2008 г.",Москва,,,13.00.02
mn20250921112,,,13.00.02,,,,Жужжалов Валерий Евгеньевич,,,,,,,,,2008,,,,,,,,,,,,,Стоякова Ксения Леонидовна,кандидат,,,"Использование логической парадигмы программирования для обучения информатике студентов в инженерных вузах, 13.00.02, Москва, 2008 г.",Москва,,,13.00.02
mn20250921113,,,13.00.02,Информатика,,,Григорьев Сергей Георгиевич,,,,,,,,,2005,,,,,,,,,,,,,Абросимов Александр Григорьевич,доктор,,,Развитие информационно-образовательной среды высшего учебного заведения на основе информационных и телекоммуникационных технологий,,,,13.00.02 Информатика
mn20250921114,,,13.00.02,,,,Абросимов Александр Григорьевич,,,,,,,,,2010,,,,,,,,,,,,,Усова Наталья Александровна,доктор,,,"Формирование графической культуры будущего учителя в процессе обучения информатики, 13.00.02. Москва, 2010 г.",Москва,,,13.00.02
mn20250921115,,,13.00.02,Информатизация образования,,,Григорьев Сергей Георгиевич,,,,,,,,,2009,,,,,,,,,,,,,Атанасян Сергей Левонович,доктор,,,Формирование информационной образовательной среды педагогического вуза,,,,13.00.02 Информатизация образования
mn20250921116,,,,,,,Атанасян Сергей Левонович,,,,,,,,,1996,,,,,,,,,,,,,Котова Юлия Владимировна,доктор,,,"Методические особенности изучения геометрических приложений комплексных чисел в классах с углубленным изучением математики, Москва, 1996 г.",Москва,,,
mn20250921117,,,,,,,Атанасян Сергей Левонович,,,,,,,,,2000,,,,,,,,,,,,,Чуйкова Наталия Владимировна,доктор,,,"Методическая система обучении геометрии в педагогическом колледже, Москва, 2000 г.",Москва,,,
mn20250921118,,,,,,,Атанасян Сергей Левонович,,,,,,,,,2013,,,,,,,,,,,,,Ситкин Евгений Леонидович,доктор,,,"Упрощенно-когнитивные приемы решения задач стереометрии как средство развития самостоятельной деятельности учащихся, Москва, 2013 г.",Москва,,,
mn20250921119,,,13.00.02,Информатизация образования,,,Григорьев Сергей Георгиевич,,,,,,,,,2010,,,,,,,,,,,,,Кудинов Виталий Алексеевич,доктор,,,Построение информационной образовательной среды вуза на основе технологий управления знаниями,,,,13.00.02 Информатизация образования
mn20250921120,,,13.00.02,,,,Кудинов Виталий Алексеевич,,,,,,,,,2013,,,,,,,,,,,,,Белоус Екатерина Сергеевна,кандидат,,,"Интернет-порталы как средство обучения педагогов созданию электронных ресурсов в рамках повышения квалификации по информатике, 13.00.02, Москва, 2013 г.",Москва,,,13.00.02
mn20250921121,,,13.00.08,,,,Кудинов Виталий Алексеевич,,,,,,,,,2009,,,,,,,,,,,,,Жуйков Виктор Викторович,кандидат,,,"Система оценки качества знаний студентов на основе нейронных сетей, 13.00.08, Курск, 2009 г.",Курск,,,13.00.08
mn20250921122,,,13.00.02,Информатизация образования,,,Григорьев Сергей Георгиевич,,,,,,,,,2011,,,,,,,,,,,,,Рубцова Светлана Юрьевна,доктор,,,Система менеджмента качества подготовки специалистов в условиях информатизации образования вуза,,,,13.00.02 Информатизация образования
mn20250921123,,,13.00.02,Математика,,,Григорьев Сергей Георгиевич,,,,,,,,,2016,,,,,,,,,,,,,Попов Николай Иванович,доктор,,,Технологии предметного обучения будущих математиков в университете,,,,13.00.02 Математика
mn20250921124,,,13.00.02,‒ Теория и методика обучения и воспитания (математика),,,Попов Николай Иванович,,,,,,,,,2012,,,,,,,,,,,,,Марасанов Алексей Николаевич,кандидат,,,«Система задач по тригонометрии в обучении математике учащихся средних общеобразовательных учреждений».,,,,13.00.02 ‒ Теория и методика обучения и воспитания (математика)
mn20250921125,,,13.00.02,‒ Теория и методика обучения и воспитания (информатика),,,Попов Николай Иванович,,,,,,,,,2013,,,,,,,,,,,,,Иванова Ангелина Валерьевна,кандидат,,,«Формирование познавательного интереса младших школьников при обучении информатике с использованием электронных образовательных ресурсов»,,,,13.00.02 ‒ Теория и методика обучения и воспитания (информатика)
mn20250921126,,,5.8.2,‒ Теория и методика обучения и воспитания (естественные и точные науки,,,Попов Николай Иванович,,,,,,,,,2022,,,,,,,,,,,,,Шустова Елена Николаевна,кандидат,,,«Обучение аксиоматическому методу введения элементарных функций в вузе как компонент системы формирования методической компетентности будущих учителей математики»,,,,5.8.2 ‒ Теория и методика обучения и воспитания (естественные и точные науки
mn20250921127,,,13.00.02,Информатика,,,Григорьев Сергей Георгиевич,,,,,,,,,1994,,,,,,,,,,,,,Юнерман (Гейн) Нина Ароновна,кандидат,,,Содержание и методы дистанционного обучения информатике на примере заочной школы программирования,,,,13.00.02 Информатика
mn20250921128,,,13.00.02,Информатика,,,Григорьев Сергей Георгиевич,,,,,,,,,1996,,,,,,,,,,,,,Морозова Елена Владимировна,кандидат,,,Методические принципы построения системы упражнений и задач курса информатики гуманитарной ориентации,,,,13.00.02 Информатика
mn20250921129,,,13.00.02,Информатика,,,Григорьев Сергей Георгиевич,,,,,,,,,1997,,,,,,,,,,,,,Ковтун Владимир Александрович,кандидат,,,"Методические основы построения курса информатики, ориентированного на подготовку учителя физической культуры педагогического колледжа",,,,13.00.02 Информатика
mn20250921130,,,13.00.02,Информатика,,,Григорьев Сергей Георгиевич,,,,,,,,,1997,,,,,,,,,,,,,Пахомова Нинель Юловна,кандидат,,,"Развитие методики использования ""учебных проектов"" при обучении информатике в общеобразовательной школе",,,,13.00.02 Информатика
mn20250921131,,,13.00.02,Информатика,,,Григорьев Сергей Георгиевич,,,,,,,,,1997,,,,,,,,,,,,,Овчинникова Лариса Алексеевна,кандидат,,,Информатика в гуманитарных курсах средней школы с учетом национально - регионального компонента /на примере школ республик Марий Эл/,,,,13.00.02 Информатика
mn20250921132,,,13.00.02,Информатика,,,Григорьев Сергей Георгиевич,,,,,,,,,1998,,,,,,,,,,,,,Юнеева Валентина Ивановна,кандидат,,,Система компьютерных тестов и задач курса математики экономической ориентации,,,,13.00.02 Информатика
mn20250921133,,,13.00.02,Информатика,,,Григорьев Сергей Георгиевич,,,,,,,,,2000,,,,,,,,,,,,,Шелухина Анжелика Васильевна,кандидат,,,Методические основы внедрения телекоммуникационных технологий в обучение информатике в средней школе,,,,13.00.02 Информатика
mn20250921134,,,13.00.02,Информатика,,,Григорьев Сергей Георгиевич,,,,,,,,,2000,,,,,,,,,,,,,Кудинов Виталий Алексеевич,кандидат,,,"Принципы построения и использования экспертных обучающих систем в курсе ""Теоретические основы информатики""",,,,13.00.02 Информатика
mn20250921135,,,13.00.02,Информатика,,,Григорьев Сергей Георгиевич,,,,,,,,,2000,,,,,,,,,,,,,Водолад Светлана Николаевна,кандидат,,,Изучение методов представления информации в курсе информатики: На примере гипертекстового представления учебного материала по тригонометрии,,,,13.00.02 Информатика
mn20250921136,,,13.00.02,Информатика,,,Григорьев Сергей Георгиевич,,,,,,,,,2000,,,,,,,,,,,,,Федорычева Светлана Ивановна,кандидат,,,Методика формирования системы понятий базового курса информатики у курсантов высших военных учебных заведений в процессе информационной подготовки в условиях использования иноязычной терминологии,,,,13.00.02 Информатика
mn20250921137,,,13.00.02,Информатика,,,Григорьев Сергей Георгиевич,,,,,,,,,2000,,,,,,,,,,,,,Кондратова Пелагея Филипповна,кандидат,,,"Методические аспекты, содержание и организационные формы преподавания курса информатики на гуманитарных факультетах педагогических вузов",,,,13.00.02 Информатика
mn20250921138,,,13.00.02,Информатика,,,Григорьев Сергей Георгиевич,,,,,,,,,2000,,,,,,,,,,,,,Шоленкова Светлана Николаевна,кандидат,,,Формирование системы задач для курса информатики факультета педагогики и методики начального образования педагогического вуза,,,,13.00.02 Информатика
mn20250921139,,,13.00.02,Информатика,,,Григорьев Сергей Георгиевич,,,,,,,,,2001,,,,,,,,,,,,,Скубаев Владимир Васильевич,кандидат,,,Методика совершенствования содержания обучения информатике курсантов высших военно-учебных заведений на основе использования телекоммуникационных технологий,,,,13.00.02 Информатика
mn20250921140,,,13.00.02,Информатика,,,Григорьев Сергей Георгиевич,,,,,,,,,2001,,,,,,,,,,,,,Алексеев Михаил Николаевич,кандидат,,,"Совершенствование методики построения образовательного веб-сайта (на примере создания телекоммуникационного программно-методического комплекса по информатике, основанного на системе логического программирования)",,,,13.00.02 Информатика
mn20250921141,,,13.00.02,Информатика,,,Григорьев Сергей Георгиевич,,,,,,,,,2003,,,,,,,,,,,,,Бусов Юрий Васильевич,кандидат,,,Методика создания и применения образовательных сайтов в системе дополнительной общеобразовательной подготовки по информатике и информационным технологиям,,,,13.00.02 Информатика
mn20250921142,,,13.00.02,Информатика,,,Григорьев Сергей Георгиевич,,,,,,,,,2004,,,,,,,,,,,,,Баков Анатолий Андреевич,кандидат,,,Обучение школьников в курсе информатики использованию информационных и телекоммуникационных технологий при подготовке к вступительным экзаменам,,,,13.00.02 Информатика
mn20250921143,,,13.00.02,Информатизация образования,,,Григорьев Сергей Георгиевич,,,,,,,,,2006,,,,,,,,,,,,,Дунаева Наталья Владичевна,кандидат,,,Пропедевтический курс информатики и информационных технологий для подготовки студентов к работе в современной научной библиотеке: На примере аграрных ВУЗов,,,,13.00.02 Информатизация образования
mn20250921144,,,13.00.02,Информатика,,,Григорьев Сергей Георгиевич,,,,,,,,,2007,,,,,,,,,,,,,Курбацкий Владимир Николаевич,кандидат,,,Методы и средства творческого обучения информационным технологиям при повышении квалификации учителей гуманитарных дисциплин в Республике Беларусь,,,,13.00.02 Информатика
mn20250921145,,,13.00.02,Информатика,,,Григорьев Сергей Георгиевич,,,,,,,,,2008,,,,,,,,,,,,,Карабанов Александр Александрович,кандидат,,,Образовательные электронные издания и ресурсы в лабораторном практикуме,,,,13.00.02 Информатика
mn20250921146,,,13.00.02,Информатика,,,Григорьев Сергей Георгиевич,,,,,,,,,2011,,,,,,,,,,,,,Будникова Галина Андреевна,кандидат,,,Формирование сетевой культуры учителя информатики в системе повышения квалификации,,,,13.00.02 Информатика
mn20250921147,,,13.00.02,Информатика,,,Григорьев Сергей Георгиевич,,,,,,,,,2011,,,,,,,,,,,,,Головенко Анастасия Владимировна,кандидат,,,"Методическая система обучения курсу ""Информатика и ИКТ"" социально-экономического профиля, способствующая формированию готовности старшеклассников к самостоятельной учебной деятельности",,,,13.00.02 Информатика
mn20250921148,,,13.00.02,Информатизация образования,,,Григорьев Сергей Георгиевич,,,,,,,,,2013,,,,,,,,,,,,,Мишота Ирина Юрьевна,кандидат,,,Использование средств информатизации образования как фактор интеграции методов обучения иностранным языкам,,,,13.00.02 Информатизация образования
mn20250921149,,,5.8.2,Информатика,,,Григорьев Сергей Георгиевич,,,,,,,,,2023,,,,,,,,,,,,,Арарат-Исаева Мария Сергеевна,кандидат,,,Игровые технологии в обучении информатике учащихся 3−4 классов в школьном лагере,,,,5.8.2 Информатика
mn20250921150,,,05.13.11,Математическое и программное обеспечение вычислительных машин,,,Григорьев Сергей Георгиевич,,,,,,,,,1999,,,,,,,,,,,,,Корниенко Алексей Юрьевич,кандидат,,,Программно-методические средства экспресс-диагностики и контроля функционального состояния человека,,,,05.13.11 Математическое и программное обеспечение вычислительных машин
mn20250921151,,,2.3.4,Управление в социальных системах,,,Григорьев Сергей Георгиевич,,,,,,,,,2023,,,,,,,,,,,,,Аникьева Марина Анатольевна,кандидат,,,Управление в электронной среде  персонализированным обучением  с учетом индивидуальных особенностей  обучающегося,,,,2.3.4 Управление в социальных системах
mn20250921152,,,13.00.02,(информатика),,,Заславская Ольга Юрьевна,,,,,,,,,2007,,,,,,,,,,,,,Щербачева Людмила Федоровна,,,,Методическая система обучения профессионально-ориентированному курсу информатики студентов юридической специальности в вузе 13.00.02 (информатика),,,,13.00.02 (информатика)
